Workbook

Sheet 00_说明
A1: 项目 | B1: 内容
A2: 文件定位 | B2: 实验计分用轻量工作簿；完整标准答案由非计分展示运行另行导出。
A3: 计算依据 | B3: 同一运行数据库、冻结规则包和核算准入结果。
A4: 公式范围 | B4: 活动水平、产生量、治理后排放量和源级汇总保留Excel公式；完整因子匹配公式见展示运行。

Sheet 02_核算项
A1: 核算项ID | B1: 源ID | C1: 目标源类 | D1: 企业 | E1: 地市 | F1: 行业代码 | G1: 设备类型 | H1: 排放口 | I1: 燃料槽位 | J1: 原始燃料 | K1: 标准燃料 | L1: 标准技术 | M1: 污染物 | N1: 原始消耗量 | O1: 原始单位 | P1: 标准活动水平 | Q1: 活动水平单位 | R1: 活动水平公式 | S1: 参数ID | T1: 因子模式 | U1: 有效因子 | V1: 因子单位 | W1: 因子公式 | X1: 治理技术 | Y1: 治理参数ID | Z1: 去除效率(%) | AA1: PM2.5去除效率(%) | AB1: PM2.5-10去除效率(%) | AC1: 产生量(t) | AD1: 排放量(t) | AE1: 准入状态 | AF1: 准入原因 | AG1: 标志 | AH1: 标准位置 | AI1: 源文件 | AJ1: 源工作表 | AK1: 源行
A2: ITEM-FUEL-SRC-RAW-00533932A04254ABB991-fuel_1-BC | B2: SRC-RAW-00533932A04254ABB991 | C2: POWER | D2: ENT-E97F77765518 | E2: 阳江市 | F2: 4411 | G2: 燃煤锅炉 | H2: DA001 | I2: fuel_1 | J2: 一般烟煤 | K2: 煤炭 | L2: 煤粉炉 | M2: BC | N2: 799951.18 | O2: 吨 | P2: =IF(O2="吨",N2*1000,IF(O2="万立方米",N2*10000,"")) -> 799951180 | Q2: kg | R2: raw_amount*1000 | S2: D-EP-COAL-PF-BC | T2: coal_particle_balance | U2: =0.01269 -> 0.01269 | V2: g/kg燃料 | W2: 10*Aar*(1-ar)*fPM25*fBC | Y2: [] | Z2: 0 | AC2: =P2*U2/1000000 -> 10.15138 | AD2: =AC2*(1-Z2/100) -> 10.15138 | AE2: allow_calculation | AF2: RULE_CHAIN_COMPLETE | AG2: CONTROL_INFO_MISSING_DENOX|CONTROL_INFO_MISSING_DESULF|CONTROL_INFO_MISSING_DUST|CONTROL_MISSING_ZERO|CONTROL_RELATION_CATEGORY_LEVEL | AH2: 附录D 表D.1 p.43 | AI2: /Users/wushuo/Desktop/环境学院论文/固定燃烧源清单经验缺失处置实验/实验结果/02_实验A_端到端清单编制/02_火电热力/01_Full完整方法/R1/inputs/基102-2002_原始结构脱敏输入.xlsx | AJ2: Sheet1 | AK2: 4148
A3: ITEM-FUEL-SRC-RAW-00533932A04254ABB991-fuel_1-CO | B3: SRC-RAW-00533932A04254ABB991 | C3: POWER | D3: ENT-E97F77765518 | E3: 阳江市 | F3: 4411 | G3: 燃煤锅炉 | H3: DA001 | I3: fuel_1 | J3: 一般烟煤 | K3: 煤炭 | L3: 煤粉炉 | M3: CO | N3: 799951.18 | O3: 吨 | P3: =IF(O3="吨",N3*1000,IF(O3="万立方米",N3*10000,"")) -> 799951180 | Q3: kg | R3: raw_amount*1000 | S3: D-EP-COAL-PF-CO | T3: constant | U3: =2.0 -> 2 | V3: g/kg燃料 | W3: constant parameter | Y3: [] | Z3: 0 | AC3: =P3*U3/1000000 -> 1599.9024 | AD3: =AC3*(1-Z3/100) -> 1599.9024 | AE3: allow_calculation | AF3: RULE_CHAIN_COMPLETE | AG3: CONTROL_INFO_MISSING_DENOX|CONTROL_INFO_MISSING_DESULF|CONTROL_INFO_MISSING_DUST|CONTROL_RELATION_CATEGORY_LEVEL|NO_APPLICABLE_CONTROL_ZERO | AH3: 附录D 表D.1 p.43 | AI3: /Users/wushuo/Desktop/环境学院论文/固定燃烧源清单经验缺失处置实验/实验结果/02_实验A_端到端清单编制/02_火电热力/01_Full完整方法/R1/inputs/基102-2002_原始结构脱敏输入.xlsx | AJ3: Sheet1 | AK3: 4148
A4: ITEM-FUEL-SRC-RAW-00533932A04254ABB991-fuel_1-NOX | B4: SRC-RAW-00533932A04254ABB991 | C4: POWER | D4: ENT-E97F77765518 | E4: 阳江市 | F4: 4411 | G4: 燃煤锅炉 | H4: DA001 | I4: fuel_1 | J4: 一般烟煤 | K4: 煤炭 | L4: 煤粉炉 | M4: NOX | N4: 799951.18 | O4: 吨 | P4: =IF(O4="吨",N4*1000,IF(O4="万立方米",N4*10000,"")) -> 799951180 | Q4: kg | R4: raw_amount*1000 | S4: D-EP-COAL-PF-NOX | T4: capacity_lookup | U4: =7.21 -> 7.21 | V4: g/kg燃料 | W4: capacity band | X4: 低氮燃烧技术 | Y4: ["A1-11-NOX"] | Z4: 22 | AC4: =P4*U4/1000000 -> 5767.648 | AD4: =AC4*(1-Z4/100) -> 4498.7654 | AE4: allow_calculation | AF4: RULE_CHAIN_COMPLETE | AG4: CONTROL_INFO_MISSING_DENOX|CONTROL_INFO_MISSING_DESULF|CONTROL_INFO_MISSING_DUST|CONTROL_RELATION_CATEGORY_LEVEL | AH4: 附录D 表D.1 p.43 | AI4: /Users/wushuo/Desktop/环境学院论文/固定燃烧源清单经验缺失处置实验/实验结果/02_实验A_端到端清单编制/02_火电热力/01_Full完整方法/R1/inputs/基102-2002_原始结构脱敏输入.xlsx | AJ4: Sheet1 | AK4: 4148
A5: ITEM-FUEL-SRC-RAW-00533932A04254ABB991-fuel_1-OC | B5: SRC-RAW-00533932A04254ABB991 | C5: POWER | D5: ENT-E97F77765518 | E5: 阳江市 | F5: 4411 | G5: 燃煤锅炉 | H5: DA001 | I5: fuel_1 | J5: 一般烟煤 | K5: 煤炭 | L5: 煤粉炉 | M5: OC | N5: 799951.18 | O5: 吨 | P5: =IF(O5="吨",N5*1000,IF(O5="万立方米",N5*10000,"")) -> 799951180 | Q5: kg | R5: raw_amount*1000 | S5: D-EP-COAL-PF-OC | T5: coal_particle_balance | U5: =0.0 -> 0 | V5: g/kg燃料 | W5: 10*Aar*(1-ar)*fPM25*fOC | Y5: [] | Z5: 0 | AC5: =P5*U5/1000000 -> 0 | AD5: =AC5*(1-Z5/100) -> 0 | AE5: allow_calculation | AF5: RULE_CHAIN_COMPLETE | AG5: CONTROL_INFO_MISSING_DENOX|CONTROL_INFO_MISSING_DESULF|CONTROL_INFO_MISSING_DUST|CONTROL_MISSING_ZERO|CONTROL_RELATION_CATEGORY_LEVEL | AH5: 附录D 表D.1 p.43 | AI5: /Users/wushuo/Desktop/环境学院论文/固定燃烧源清单经验缺失处置实验/实验结果/02_实验A_端到端清单编制/02_火电热力/01_Full完整方法/R1/inputs/基102-2002_原始结构脱敏输入.xlsx | AJ5: Sheet1 | AK5: 4148
A6: ITEM-FUEL-SRC-RAW-00533932A04254ABB991-fuel_1-PM10 | B6: SRC-RAW-00533932A04254ABB991 | C6: POWER | D6: ENT-E97F77765518 | E6: 阳江市 | F6: 4411 | G6: 燃煤锅炉 | H6: DA001 | I6: fuel_1 | J6: 一般烟煤 | K6: 煤炭 | L6: 煤粉炉 | M6: PM10 | N6: 799951.18 | O6: 吨 | P6: =IF(O6="吨",N6*1000,IF(O6="万立方米",N6*10000,"")) -> 799951180 | Q6: kg | R6: raw_amount*1000 | S6: D-EP-COAL-PF-PM10 | T6: coal_particle_balance | U6: =24.3225 -> 24.3225 | V6: g/kg燃料 | W6: 10*Aar*(1-ar)*fPM10 | Y6: [] | Z6: 0 | AA6: 0 | AB6: 0 | AC6: =P6*U6/1000000 -> 19456.813 | AD6: =AC7*(1-AA6/100)+(AC6-AC7)*(1-AB6/100) -> 19456.813 | AE6: allow_calculation | AF6: RULE_CHAIN_COMPLETE | AG6: CONTROL_INFO_MISSING_DENOX|CONTROL_INFO_MISSING_DESULF|CONTROL_INFO_MISSING_DUST|CONTROL_MISSING_ZERO|CONTROL_RELATION_CATEGORY_LEVEL | AH6: 附录D 表D.1 p.43 | AI6: /Users/wushuo/Desktop/环境学院论文/固定燃烧源清单经验缺失处置实验/实验结果/02_实验A_端到端清单编制/02_火电热力/01_Full完整方法/R1/inputs/基102-2002_原始结构脱敏输入.xlsx | AJ6: Sheet1 | AK6: 4148
A7: ITEM-FUEL-SRC-RAW-00533932A04254ABB991-fuel_1-PM25 | B7: SRC-RAW-00533932A04254ABB991 | C7: POWER | D7: ENT-E97F77765518 | E7: 阳江市 | F7: 4411 | G7: 燃煤锅炉 | H7: DA001 | I7: fuel_1 | J7: 一般烟煤 | K7: 煤炭 | L7: 煤粉炉 | M7: PM25 | N7: 799951.18 | O7: 吨 | P7: =IF(O7="吨",N7*1000,IF(O7="万立方米",N7*10000,"")) -> 799951180 | Q7: kg | R7: raw_amount*1000 | S7: D-EP-COAL-PF-PM25 | T7: coal_particle_balance | U7: =6.345 -> 6.345 | V7: g/kg燃料 | W7: 10*Aar*(1-ar)*fPM25 | Y7: [] | Z7: 0 | AC7: =P7*U7/1000000 -> 5075.6902 | AD7: =AC7*(1-Z7/100) -> 5075.6902 | AE7: allow_calculation | AF7: RULE_CHAIN_COMPLETE | AG7: CONTROL_INFO_MISSING_DENOX|CONTROL_INFO_MISSING_DESULF|CONTROL_INFO_MISSING_DUST|CONTROL_MISSING_ZERO|CONTROL_RELATION_CATEGORY_LEVEL | AH7: 附录D 表D.1 p.43 | AI7: /Users/wushuo/Desktop/环境学院论文/固定燃烧源清单经验缺失处置实验/实验结果/02_实验A_端到端清单编制/02_火电热力/01_Full完整方法/R1/inputs/基102-2002_原始结构脱敏输入.xlsx | AJ7: Sheet1 | AK7: 4148
A8: ITEM-FUEL-SRC-RAW-00533932A04254ABB991-fuel_1-SO2 | B8: SRC-RAW-00533932A04254ABB991 | C8: POWER | D8: ENT-E97F77765518 | E8: 阳江市 | F8: 4411 | G8: 燃煤锅炉 | H8: DA001 | I8: fuel_1 | J8: 一般烟煤 | K8: 煤炭 | L8: 煤粉炉 | M8: SO2 | N8: 799951.18 | O8: 吨 | P8: =IF(O8="吨",N8*1000,IF(O8="万立方米",N8*10000,"")) -> 799951180 | Q8: kg | R8: raw_amount*1000 | S8: D-EP-COAL-PF-SO2 | T8: coal_sulfur_balance | U8: =11.9 -> 11.9 | V8: g/kg燃料 | W8: 20*S_percent*(1-sr) | Y8: [] | Z8: 0 | AC8: =P8*U8/1000000 -> 9519.419 | AD8: =AC8*(1-Z8/100) -> 9519.419 | AE8: allow_calculation | AF8: RULE_CHAIN_COMPLETE | AG8: CONTROL_INFO_MISSING_DENOX|CONTROL_INFO_MISSING_DESULF|CONTROL_INFO_MISSING_DUST|CONTROL_MISSING_ZERO|CONTROL_RELATION_CATEGORY_LEVEL | AH8: 附录D 表D.1 p.43 | AI8: /Users/wushuo/Desktop/环境学院论文/固定燃烧源清单经验缺失处置实验/实验结果/02_实验A_端到端清单编制/02_火电热力/01_Full完整方法/R1/inputs/基102-2002_原始结构脱敏输入.xlsx | AJ8: Sheet1 | AK8: 4148
A9: ITEM-FUEL-SRC-RAW-00533932A04254ABB991-fuel_1-VOCS | B9: SRC-RAW-00533932A04254ABB991 | C9: POWER | D9: ENT-E97F77765518 | E9: 阳江市 | F9: 4411 | G9: 燃煤锅炉 | H9: DA001 | I9: fuel_1 | J9: 一般烟煤 | K9: 煤炭 | L9: 煤粉炉 | M9: VOCS | N9: 799951.18 | O9: 吨 | P9: =IF(O9="吨",N9*1000,IF(O9="万立方米",N9*10000,"")) -> 799951180 | Q9: kg | R9: raw_amount*1000 | S9: D-EP-COAL-PF-VOCS | T9: constant | U9: =0.04 -> 0.04 | V9: g/kg燃料 | W9: constant parameter | Y9: [] | Z9: 0 | AC9: =P9*U9/1000000 -> 31.998047 | AD9: =AC9*(1-Z9/100) -> 31.998047 | AE9: allow_calculation | AF9: RULE_CHAIN_COMPLETE | AG9: CONTROL_INFO_MISSING_DENOX|CONTROL_INFO_MISSING_DESULF|CONTROL_INFO_MISSING_DUST|CONTROL_RELATION_CATEGORY_LEVEL|NO_APPLICABLE_CONTROL_ZERO | AH9: 附录D 表D.1 p.43 | AI9: /Users/wushuo/Desktop/环境学院论文/固定燃烧源清单经验缺失处置实验/实验结果/02_实验A_端到端清单编制/02_火电热力/01_Full完整方法/R1/inputs/基102-2002_原始结构脱敏输入.xlsx | AJ9: Sheet1 | AK9: 4148
A10: ITEM-SRC-RAW-00533932A04254ABB991-NH3-SLIP | B10: SRC-RAW-00533932A04254ABB991 | C10: POWER | D10: ENT-E97F77765518 | E10: 阳江市 | F10: 4411 | G10: 燃煤锅炉 | H10: DA001 | M10: NH3 | P10: =IF(O10="吨",N10*1000,IF(O10="万立方米",N10*10000,"")) -> 0 | Q10: kg_coal | R10: SUM(适用煤炭活动水平kg) | T10: empirical_zero | U10: =0.0 -> 0 | V10: g/kg煤 | W10: 脱硝信息缺失按0 | Y10: [] | Z10: 0 | AC10: =P10*U10/1000000 -> 0 | AD10: =AC10*(1-Z10/100) -> 0 | AE10: allow_calculation | AF10: RULE_CHAIN_COMPLETE | AG10: CONTROL_RELATION_CATEGORY_LEVEL|DENITRIFICATION_INFO_MISSING_ZERO | AH10: 经验缺失处置规则 p. | AI10: /Users/wushuo/Desktop/环境学院论文/固定燃烧源清单经验缺失处置实验/实验结果/02_实验A_端到端清单编制/02_火电热力/01_Full完整方法/R1/inputs/基102-2002_原始结构脱敏输入.xlsx | AJ10: Sheet1 | AK10: 4148
A11: ITEM-FUEL-SRC-RAW-008874CA96532DE69412-fuel_1-BC | B11: SRC-RAW-008874CA96532DE69412 | C11: POWER | D11: ENT-B420E4D245A5 | E11: 湛江市 | F11: 4430 | G11: 燃生物质锅炉 | H11: DA001 | I11: fuel_1 | J11: 生物燃料 | L11: 不分技术 | M11: BC | N11: 9100 | O11: 吨标准煤 | W11: factor not matched | Y11: [] | Z11: 0 | AC11: =P11*U11/1000000 -> 0 | AD11: =AC11*(1-Z11/100) -> 0 | AE11: not_applicable | AF11: FUEL_OUTSIDE_FIXED_FOSSIL_SCOPE | AG11: CONTROL_INFO_MISSING_DENOX|CONTROL_INFO_MISSING_DESULF|CONTROL_INFO_MISSING_DUST|CONTROL_MISSING_ZERO|FACTOR_INPUT_MISSING|FUEL_OUTSIDE_FIXED_FOSSIL_SCOPE | AH11: p. | AI11: /Users/wushuo/Desktop/环境学院论文/固定燃烧源清单经验缺失处置实验/实验结果/02_实验A_端到端清单编制/02_火电热力/01_Full完整方法/R1/inputs/基102-2002_原始结构脱敏输入.xlsx | AJ11: Sheet1 | AK11: 3106
A12: ITEM-FUEL-SRC-RAW-008874CA96532DE69412-fuel_1-CO | B12: SRC-RAW-008874CA96532DE69412 | C12: POWER | D12: ENT-B420E4D245A5 | E12: 湛江市 | F12: 4430 | G12: 燃生物质锅炉 | H12: DA001 | I12: fuel_1 | J12: 生物燃料 | L12: 不分技术 | M12: CO | N12: 9100 | O12: 吨标准煤 | W12: factor not matched | Y12: [] | Z12: 0 | AC12: =P12*U12/1000000 -> 0 | AD12: =AC12*(1-Z12/100) -> 0 | AE12: not_applicable | AF12: FUEL_OUTSIDE_FIXED_FOSSIL_SCOPE | AG12: CONTROL_INFO_MISSING_DENOX|CONTROL_INFO_MISSING_DESULF|CONTROL_INFO_MISSING_DUST|FACTOR_INPUT_MISSING|FUEL_OUTSIDE_FIXED_FOSSIL_SCOPE|NO_APPLICABLE_CONTROL_ZERO | AH12: p. | AI12: /Users/wushuo/Desktop/环境学院论文/固定燃烧源清单经验缺失处置实验/实验结果/02_实验A_端到端清单编制/02_火电热力/01_Full完整方法/R1/inputs/基102-2002_原始结构脱敏输入.xlsx | AJ12: Sheet1 | AK12: 3106
A13: ITEM-FUEL-SRC-RAW-008874CA96532DE69412-fuel_1-NOX | B13: SRC-RAW-008874CA96532DE69412 | C13: POWER | D13: ENT-B420E4D245A5 | E13: 湛江市 | F13: 4430 | G13: 燃生物质锅炉 | H13: DA001 | I13: fuel_1 | J13: 生物燃料 | L13: 不分技术 | M13: NOX | N13: 9100 | O13: 吨标准煤 | W13: factor not matched | Y13: [] | Z13: 0 | AC13: =P13*U13/1000000 -> 0 | AD13: =AC13*(1-Z13/100) -> 0 | AE13: not_applicable | AF13: FUEL_OUTSIDE_FIXED_FOSSIL_SCOPE | AG13: CONTROL_INFO_MISSING_DENOX|CONTROL_INFO_MISSING_DESULF|CONTROL_INFO_MISSING_DUST|CONTROL_MISSING_ZERO|FACTOR_INPUT_MISSING|FUEL_OUTSIDE_FIXED_FOSSIL_SCOPE | AH13: p. | AI13: /Users/wushuo/Desktop/环境学院论文/固定燃烧源清单经验缺失处置实验/实验结果/02_实验A_端到端清单编制/02_火电热力/01_Full完整方法/R1/inputs/基102-2002_原始结构脱敏输入.xlsx | AJ13: Sheet1 | AK13: 3106
A14: ITEM-FUEL-SRC-RAW-008874CA96532DE69412-fuel_1-OC | B14: SRC-RAW-008874CA96532DE69412 | C14: POWER | D14: ENT-B420E4D245A5 | E14: 湛江市 | F14: 4430 | G14: 燃生物质锅炉 | H14: DA001 | I14: fuel_1 | J14: 生物燃料 | L14: 不分技术 | M14: OC | N14: 9100 | O14: 吨标准煤 | W14: factor not matched | Y14: [] | Z14: 0 | AC14: =P14*U14/1000000 -> 0 | AD14: =AC14*(1-Z14/100) -> 0 | AE14: not_applicable | AF14: FUEL_OUTSIDE_FIXED_FOSSIL_SCOPE | AG14: CONTROL_INFO_MISSING_DENOX|CONTROL_INFO_MISSING_DESULF|CONTROL_INFO_MISSING_DUST|CONTROL_MISSING_ZERO|FACTOR_INPUT_MISSING|FUEL_OUTSIDE_FIXED_FOSSIL_SCOPE | AH14: p. | AI14: /Users/wushuo/Desktop/环境学院论文/固定燃烧源清单经验缺失处置实验/实验结果/02_实验A_端到端清单编制/02_火电热力/01_Full完整方法/R1/inputs/基102-2002_原始结构脱敏输入.xlsx | AJ14: Sheet1 | AK14: 3106
A15: ITEM-FUEL-SRC-RAW-008874CA96532DE69412-fuel_1-PM10 | B15: SRC-RAW-008874CA96532DE69412 | C15: POWER | D15: ENT-B420E4D245A5 | E15: 湛江市 | F15: 4430 | G15: 燃生物质锅炉 | H15: DA001 | I15: fuel_1 | J15: 生物燃料 | L15: 不分技术 | M15: PM10 | N15: 9100 | O15: 吨标准煤 | W15: factor not matched | Y15: [] | Z15: 0 | AA15: 0 | AB15: 0 | AC15: =P15*U15/1000000 -> 0 | AD15: =AC16*(1-AA15/100)+(AC15-AC16)*(1-AB15/100) -> 0 | AE15: not_applicable | AF15: FUEL_OUTSIDE_FIXED_FOSSIL_SCOPE | AG15: CONTROL_INFO_MISSING_DENOX|CONTROL_INFO_MISSING_DESULF|CONTROL_INFO_MISSING_DUST|CONTROL_MISSING_ZERO|FACTOR_INPUT_MISSING|FUEL_OUTSIDE_FIXED_FOSSIL_SCOPE | AH15: p. | AI15: /Users/wushuo/Desktop/环境学院论文/固定燃烧源清单经验缺失处置实验/实验结果/02_实验A_端到端清单编制/02_火电热力/01_Full完整方法/R1/inputs/基102-2002_原始结构脱敏输入.xlsx | AJ15: Sheet1 | AK15: 3106
A16: ITEM-FUEL-SRC-RAW-008874CA96532DE69412-fuel_1-PM25 | B16: SRC-RAW-008874CA96532DE69412 | C16: POWER | D16: ENT-B420E4D245A5 | E16: 湛江市 | F16: 4430 | G16: 燃生物质锅炉 | H16: DA001 | I16: fuel_1 | J16: 生物燃料 | L16: 不分技术 | M16: PM25 | N16: 9100 | O16: 吨标准煤 | W16: factor not matched | Y16: [] | Z16: 0 | AC16: =P16*U16/1000000 -> 0 | AD16: =AC16*(1-Z16/100) -> 0 | AE16: not_applicable | AF16: FUEL_OUTSIDE_FIXED_FOSSIL_SCOPE | AG16: CONTROL_INFO_MISSING_DENOX|CONTROL_INFO_MISSING_DESULF|CONTROL_INFO_MISSING_DUST|CONTROL_MISSING_ZERO|FACTOR_INPUT_MISSING|FUEL_OUTSIDE_FIXED_FOSSIL_SCOPE | AH16: p. | AI16: /Users/wushuo/Desktop/环境学院论文/固定燃烧源清单经验缺失处置实验/实验结果/02_实验A_端到端清单编制/02_火电热力/01_Full完整方法/R1/inputs/基102-2002_原始结构脱敏输入.xlsx | AJ16: Sheet1 | AK16: 3106
A17: ITEM-FUEL-SRC-RAW-008874CA96532DE69412-fuel_1-SO2 | B17: SRC-RAW-008874CA96532DE69412 | C17: POWER | D17: ENT-B420E4D245A5 | E17: 湛江市 | F17: 4430 | G17: 燃生物质锅炉 | H17: DA001 | I17: fuel_1 | J17: 生物燃料 | L17: 不分技术 | M17: SO2 | N17: 9100 | O17: 吨标准煤 | W17: factor not matched | Y17: [] | Z17: 0 | AC17: =P17*U17/1000000 -> 0 | AD17: =AC17*(1-Z17/100) -> 0 | AE17: not_applicable | AF17: FUEL_OUTSIDE_FIXED_FOSSIL_SCOPE | AG17: CONTROL_INFO_MISSING_DENOX|CONTROL_INFO_MISSING_DESULF|CONTROL_INFO_MISSING_DUST|CONTROL_MISSING_ZERO|FACTOR_INPUT_MISSING|FUEL_OUTSIDE_FIXED_FOSSIL_SCOPE | AH17: p. | AI17: /Users/wushuo/Desktop/环境学院论文/固定燃烧源清单经验缺失处置实验/实验结果/02_实验A_端到端清单编制/02_火电热力/01_Full完整方法/R1/inputs/基102-2002_原始结构脱敏输入.xlsx | AJ17: Sheet1 | AK17: 3106
A18: ITEM-FUEL-SRC-RAW-008874CA96532DE69412-fuel_1-VOCS | B18: SRC-RAW-008874CA96532DE69412 | C18: POWER | D18: ENT-B420E4D245A5 | E18: 湛江市 | F18: 4430 | G18: 燃生物质锅炉 | H18: DA001 | I18: fuel_1 | J18: 生物燃料 | L18: 不分技术 | M18: VOCS | N18: 9100 | O18: 吨标准煤 | W18: factor not matched | Y18: [] | Z18: 0 | AC18: =P18*U18/1000000 -> 0 | AD18: =AC18*(1-Z18/100) -> 0 | AE18: not_applicable | AF18: FUEL_OUTSIDE_FIXED_FOSSIL_SCOPE | AG18: CONTROL_INFO_MISSING_DENOX|CONTROL_INFO_MISSING_DESULF|CONTROL_INFO_MISSING_DUST|FACTOR_INPUT_MISSING|FUEL_OUTSIDE_FIXED_FOSSIL_SCOPE|NO_APPLICABLE_CONTROL_ZERO | AH18: p. | AI18: /Users/wushuo/Desktop/环境学院论文/固定燃烧源清单经验缺失处置实验/实验结果/02_实验A_端到端清单编制/02_火电热力/01_Full完整方法/R1/inputs/基102-2002_原始结构脱敏输入.xlsx | AJ18: Sheet1 | AK18: 3106
A19: ITEM-SRC-RAW-008874CA96532DE69412-NH3-SLIP | B19: SRC-RAW-008874CA96532DE69412 | C19: POWER | D19: ENT-B420E4D245A5 | E19: 湛江市 | F19: 4430 | G19: 燃生物质锅炉 | H19: DA001 | M19: NH3 | P19: =IF(O19="吨",N19*1000,IF(O19="万立方米",N19*10000,"")) -> 0 | Q19: kg_coal | R19: SUM(适用煤炭活动水平kg) | T19: empirical_zero | U19: =0.0 -> 0 | V19: g/kg煤 | W19: 脱硝信息缺失按0 | Y19: [] | Z19: 0 | AC19: =P19*U19/1000000 -> 0 | AD19: =AC19*(1-Z19/100) -> 0 | AE19: allow_calculation | AF19: RULE_CHAIN_COMPLETE | AG19: DENITRIFICATION_INFO_MISSING_ZERO | AH19: 经验缺失处置规则 p. | AI19: /Users/wushuo/Desktop/环境学院论文/固定燃烧源清单经验缺失处置实验/实验结果/02_实验A_端到端清单编制/02_火电热力/01_Full完整方法/R1/inputs/基102-2002_原始结构脱敏输入.xlsx | AJ19: Sheet1 | AK19: 3106
A20: ITEM-FUEL-SRC-RAW-00C256E474D31C7B6CE7-fuel_1-BC | B20: SRC-RAW-00C256E474D31C7B6CE7 | C20: POWER | D20: ENT-092298654969 | E20: 湛江市 | F20: 4411 | G20: 燃煤锅炉 | H20: DA002 | I20: fuel_1 | J20: 一般烟煤 | K20: 煤炭 | L20: 煤粉炉 | M20: BC | N20: 590169 | O20: 吨 | P20: =IF(O20="吨",N20*1000,IF(O20="万立方米",N20*10000,"")) -> 590169000 | Q20: kg | R20: raw_amount*1000 | S20: D-EP-COAL-PF-BC | T20: coal_particle_balance | U20: =0.015740999999999998 -> 0.015741 | V20: g/kg燃料 | W20: 10*Aar*(1-ar)*fPM25*fBC | X20: 电袋复合除尘法 | Y20: ["A1-19-BC", "A1-22-BC", "A1-23-BC", "A1-13-BC"] | Z20: 96 | AC20: =P20*U20/1000000 -> 9.2898502 | AD20: =AC20*(1-Z20/100) -> 0.37159401 | AE20: allow_calculation | AF20: RULE_CHAIN_COMPLETE | AG20: CONTROL_RELATION_AMBIGUOUS|CONTROL_RELATION_CATEGORY_LEVEL|MULTI_PROCESS_MAX_DEFAULT | AH20: 附录D 表D.1 p.43 | AI20: /Users/wushuo/Desktop/环境学院论文/固定燃烧源清单经验缺失处置实验/实验结果/02_实验A_端到端清单编制/02_火电热力/01_Full完整方法/R1/inputs/基102-2002_原始结构脱敏输入.xlsx | AJ20: Sheet1 | AK20: 2926
A21: ITEM-FUEL-SRC-RAW-00C256E474D31C7B6CE7-fuel_1-CO | B21: SRC-RAW-00C256E474D31C7B6CE7 | C21: POWER | D21: ENT-092298654969 | E21: 湛江市 | F21: 4411 | G21: 燃煤锅炉 | H21: DA002 | I21: fuel_1 | J21: 一般烟煤 | K21: 煤炭 | L21: 煤粉炉 | M21: CO | N21: 590169 | O21: 吨 | P21: =IF(O21="吨",N21*1000,IF(O21="万立方米",N21*10000,"")) -> 590169000 | Q21: kg | R21: raw_amount*1000 | S21: D-EP-COAL-PF-CO | T21: constant | U21: =2.0 -> 2 | V21: g/kg燃料 | W21: constant parameter | Y21: [] | Z21: 0 | AC21: =P21*U21/1000000 -> 1180.338 | AD21: =AC21*(1-Z21/100) -> 1180.338 | AE21: allow_calculation | AF21: RULE_CHAIN_COMPLETE | AG21: CONTROL_RELATION_AMBIGUOUS|CONTROL_RELATION_CATEGORY_LEVEL|NO_APPLICABLE_CONTROL_ZERO | AH21: 附录D 表D.1 p.43 | AI21: /Users/wushuo/Desktop/环境学院论文/固定燃烧源清单经验缺失处置实验/实验结果/02_实验A_端到端清单编制/02_火电热力/01_Full完整方法/R1/inputs/基102-2002_原始结构脱敏输入.xlsx | AJ21: Sheet1 | AK21: 2926
A22: ITEM-FUEL-SRC-RAW-00C256E474D31C7B6CE7-fuel_1-NOX | B22: SRC-RAW-00C256E474D31C7B6CE7 | C22: POWER | D22: ENT-092298654969 | E22: 湛江市 | F22: 4411 | G22: 燃煤锅炉 | H22: DA002 | I22: fuel_1 | J22: 一般烟煤 | K22: 煤炭 | L22: 煤粉炉 | M22: NOX | N22: 590169 | O22: 吨 | P22: =IF(O22="吨",N22*1000,IF(O22="万立方米",N22*10000,"")) -> 590169000 | Q22: kg | R22: raw_amount*1000 | S22: D-EP-COAL-PF-NOX | T22: capacity_lookup | U22: =7.21 -> 7.21 | V22: g/kg燃料 | W22: capacity band | X22: 低氮燃烧技术+选择性催化还原法 | Y22: ["A1-15-NOX"] | Z22: 64 | AC22: =P22*U22/1000000 -> 4255.1185 | AD22: =AC22*(1-Z22/100) -> 1531.8427 | AE22: allow_calculation | AF22: RULE_CHAIN_COMPLETE | AG22: CONTROL_RELATION_AMBIGUOUS|CONTROL_RELATION_CATEGORY_LEVEL | AH22: 附录D 表D.1 p.43 | AI22: /Users/wushuo/Desktop/环境学院论文/固定燃烧源清单经验缺失处置实验/实验结果/02_实验A_端到端清单编制/02_火电热力/01_Full完整方法/R1/inputs/基102-2002_原始结构脱敏输入.xlsx | AJ22: Sheet1 | AK22: 2926
A23: ITEM-FUEL-SRC-RAW-00C256E474D31C7B6CE7-fuel_1-OC | B23: SRC-RAW-00C256E474D31C7B6CE7 | C23: POWER | D23: ENT-092298654969 | E23: 湛江市 | F23: 4411 | G23: 燃煤锅炉 | H23: DA002 | I23: fuel_1 | J23: 一般烟煤 | K23: 煤炭 | L23: 煤粉炉 | M23: OC | N23: 590169 | O23: 吨 | P23: =IF(O23="吨",N23*1000,IF(O23="万立方米",N23*10000,"")) -> 590169000 | Q23: kg | R23: raw_amount*1000 | S23: D-EP-COAL-PF-OC | T23: coal_particle_balance | U23: =0.0 -> 0 | V23: g/kg燃料 | W23: 10*Aar*(1-ar)*fPM25*fOC | X23: 电袋复合除尘法 | Y23: ["A1-19-OC", "A1-22-OC", "A1-23-OC", "A1-13-OC"] | Z23: 96 | AC23: =P23*U23/1000000 -> 0 | AD23: =AC23*(1-Z23/100) -> 0 | AE23: allow_calculation | AF23: RULE_CHAIN_COMPLETE | AG23: CONTROL_RELATION_AMBIGUOUS|CONTROL_RELATION_CATEGORY_LEVEL|MULTI_PROCESS_MAX_DEFAULT | AH23: 附录D 表D.1 p.43 | AI23: /Users/wushuo/Desktop/环境学院论文/固定燃烧源清单经验缺失处置实验/实验结果/02_实验A_端到端清单编制/02_火电热力/01_Full完整方法/R1/inputs/基102-2002_原始结构脱敏输入.xlsx | AJ23: Sheet1 | AK23: 2926
A24: ITEM-FUEL-SRC-RAW-00C256E474D31C7B6CE7-fuel_1-PM10 | B24: SRC-RAW-00C256E474D31C7B6CE7 | C24: POWER | D24: ENT-092298654969 | E24: 湛江市 | F24: 4411 | G24: 燃煤锅炉 | H24: DA002 | I24: fuel_1 | J24: 一般烟煤 | K24: 煤炭 | L24: 煤粉炉 | M24: PM10 | N24: 590169 | O24: 吨 | P24: =IF(O24="吨",N24*1000,IF(O24="万立方米",N24*10000,"")) -> 590169000 | Q24: kg | R24: raw_amount*1000 | S24: D-EP-COAL-PF-PM10 | T24: coal_particle_balance | U24: =30.170249999999996 -> 30.17025 | V24: g/kg燃料 | W24: 10*Aar*(1-ar)*fPM10 | X24: 电袋复合除尘法 | Y24: ["A1-13-PM25", "A1-13-PM25_10", "A1-19-PM25", "A1-19-PM25_10", "A1-22-PM25", "A1-22-PM25_10", "A1-23-PM25", "A1-23-PM25_10"] | Z24: 99 | AA24: 96 | AB24: 99 | AC24: =P24*U24/1000000 -> 17805.546 | AD24: =AC25*(1-AA24/100)+(AC24-AC25)*(1-AB24/100) -> 317.40322 | AE24: allow_calculation | AF24: RULE_CHAIN_COMPLETE | AG24: CONTROL_RELATION_AMBIGUOUS|CONTROL_RELATION_CATEGORY_LEVEL|MULTI_PROCESS_MAX_DEFAULT | AH24: 附录D 表D.1 p.43 | AI24: /Users/wushuo/Desktop/环境学院论文/固定燃烧源清单经验缺失处置实验/实验结果/02_实验A_端到端清单编制/02_火电热力/01_Full完整方法/R1/inputs/基102-2002_原始结构脱敏输入.xlsx | AJ24: Sheet1 | AK24: 2926
A25: ITEM-FUEL-SRC-RAW-00C256E474D31C7B6CE7-fuel_1-PM25 | B25: SRC-RAW-00C256E474D31C7B6CE7 | C25: POWER | D25: ENT-092298654969 | E25: 湛江市 | F25: 4411 | G25: 燃煤锅炉 | H25: DA002 | I25: fuel_1 | J25: 一般烟煤 | K25: 煤炭 | L25: 煤粉炉 | M25: PM25 | N25: 590169 | O25: 吨 | P25: =IF(O25="吨",N25*1000,IF(O25="万立方米",N25*10000,"")) -> 590169000 | Q25: kg | R25: raw_amount*1000 | S25: D-EP-COAL-PF-PM25 | T25: coal_particle_balance | U25: =7.870499999999999 -> 7.8705 | V25: g/kg燃料 | W25: 10*Aar*(1-ar)*fPM25 | X25: 电袋复合除尘法 | Y25: ["A1-19-PM25", "A1-22-PM25", "A1-23-PM25", "A1-13-PM25"] | Z25: 96 | AC25: =P25*U25/1000000 -> 4644.9251 | AD25: =AC25*(1-Z25/100) -> 185.797 | AE25: allow_calculation | AF25: RULE_CHAIN_COMPLETE | AG25: CONTROL_RELATION_AMBIGUOUS|CONTROL_RELATION_CATEGORY_LEVEL|MULTI_PROCESS_MAX_DEFAULT | AH25: 附录D 表D.1 p.43 | AI25: /Users/wushuo/Desktop/环境学院论文/固定燃烧源清单经验缺失处置实验/实验结果/02_实验A_端到端清单编制/02_火电热力/01_Full完整方法/R1/inputs/基102-2002_原始结构脱敏输入.xlsx | AJ25: Sheet1 | AK25: 2926
A26: ITEM-FUEL-SRC-RAW-00C256E474D31C7B6CE7-fuel_1-SO2 | B26: SRC-RAW-00C256E474D31C7B6CE7 | C26: POWER | D26: ENT-092298654969 | E26: 湛江市 | F26: 4411 | G26: 燃煤锅炉 | H26: DA002 | I26: fuel_1 | J26: 一般烟煤 | K26: 煤炭 | L26: 煤粉炉 | M26: SO2 | N26: 590169 | O26: 吨 | P26: =IF(O26="吨",N26*1000,IF(O26="万立方米",N26*10000,"")) -> 590169000 | Q26: kg | R26: raw_amount*1000 | S26: D-EP-COAL-PF-SO2 | T26: coal_sulfur_balance | U26: =16.32 -> 16.32 | V26: g/kg燃料 | W26: 20*S_percent*(1-sr) | X26: 其他脱硫技术 | Y26: ["A1-10-SO2", "A1-19-SO2", "A1-10-SO2"] | Z26: 40 | AC26: =P26*U26/1000000 -> 9631.5581 | AD26: =AC26*(1-Z26/100) -> 5778.9348 | AE26: allow_calculation | AF26: RULE_CHAIN_COMPLETE | AG26: CONTROL_RELATION_AMBIGUOUS|CONTROL_RELATION_CATEGORY_LEVEL|MULTI_PROCESS_MAX_DEFAULT | AH26: 附录D 表D.1 p.43 | AI26: /Users/wushuo/Desktop/环境学院论文/固定燃烧源清单经验缺失处置实验/实验结果/02_实验A_端到端清单编制/02_火电热力/01_Full完整方法/R1/inputs/基102-2002_原始结构脱敏输入.xlsx | AJ26: Sheet1 | AK26: 2926
A27: ITEM-FUEL-SRC-RAW-00C256E474D31C7B6CE7-fuel_1-VOCS | B27: SRC-RAW-00C256E474D31C7B6CE7 | C27: POWER | D27: ENT-092298654969 | E27: 湛江市 | F27: 4411 | G27: 燃煤锅炉 | H27: DA002 | I27: fuel_1 | J27: 一般烟煤 | K27: 煤炭 | L27: 煤粉炉 | M27: VOCS | N27: 590169 | O27: 吨 | P27: =IF(O27="吨",N27*1000,IF(O27="万立方米",N27*10000,"")) -> 590169000 | Q27: kg | R27: raw_amount*1000 | S27: D-EP-COAL-PF-VOCS | T27: constant | U27: =0.04 -> 0.04 | V27: g/kg燃料 | W27: constant parameter | Y27: [] | Z27: 0 | AC27: =P27*U27/1000000 -> 23.60676 | AD27: =AC27*(1-Z27/100) -> 23.60676 | AE27: allow_calculation | AF27: RULE_CHAIN_COMPLETE | AG27: CONTROL_RELATION_AMBIGUOUS|CONTROL_RELATION_CATEGORY_LEVEL|NO_APPLICABLE_CONTROL_ZERO | AH27: 附录D 表D.1 p.43 | AI27: /Users/wushuo/Desktop/环境学院论文/固定燃烧源清单经验缺失处置实验/实验结果/02_实验A_端到端清单编制/02_火电热力/01_Full完整方法/R1/inputs/基102-2002_原始结构脱敏输入.xlsx | AJ27: Sheet1 | AK27: 2926
A28: ITEM-SRC-RAW-00C256E474D31C7B6CE7-NH3-SLIP | B28: SRC-RAW-00C256E474D31C7B6CE7 | C28: POWER | D28: ENT-092298654969 | E28: 湛江市 | F28: 4411 | G28: 燃煤锅炉 | H28: DA002 | K28: 煤炭 | L28: 脱硝烟气-选择性催化还原 | M28: NH3 | P28: =IF(O28="吨",N28*1000,IF(O28="万立方米",N28*10000,"")) -> 590169000 | Q28: kg_coal | R28: SUM(适用煤炭活动水平kg) | S28: E1-SCR-NH3 | T28: constant_sum | U28: =0.16 -> 0.16 | V28: g/kg煤 | W28: E1-SCR-NH3 | X28: 脱硝烟气-选择性催化还原 | Y28: ["E1-SCR-NH3"] | Z28: 0 | AC28: =P28*U28/1000000 -> 94.42704 | AD28: =AC28*(1-Z28/100) -> 94.42704 | AE28: allow_calculation | AF28: RULE_CHAIN_COMPLETE | AG28: CONTROL_RELATION_CATEGORY_LEVEL | AH28: 附录E 表E.1 p.50 | AI28: /Users/wushuo/Desktop/环境学院论文/固定燃烧源清单经验缺失处置实验/实验结果/02_实验A_端到端清单编制/02_火电热力/01_Full完整方法/R1/inputs/基102-2002_原始结构脱敏输入.xlsx | AJ28: Sheet1 | AK28: 2926
A29: ITEM-FUEL-SRC-RAW-0109432DE0E295CD5108-fuel_1-BC | B29: SRC-RAW-0109432DE0E295CD5108 | C29: POWER | D29: ENT-8875BA3A892B | E29: 茂名市 | F29: 4411 | G29: 燃煤锅炉 | H29: DA001 | I29: fuel_1 | J29: 一般烟煤 | K29: 煤炭 | L29: 流化床炉 | M29: BC | N29: 105301.9 | O29: 吨 | P29: =IF(O29="吨",N29*1000,IF(O29="万立方米",N29*10000,"")) -> 105301904 | Q29: kg | R29: raw_amount*1000 | S29: D-EP-COAL-CFB-BC | T29: coal_particle_balance | U29: =0.018055520000000005 -> 0.01805552 | V29: g/kg燃料 | W29: 10*Aar*(1-ar)*fPM25*fBC | X29: 普通静电除尘法 | Y29: ["A1-19-BC", "A1-20-BC"] | Z29: 93 | AC29: =P29*U29/1000000 -> 1.9012806 | AD29: =AC29*(1-Z29/100) -> 0.13308964 | AE29: allow_calculation | AF29: RULE_CHAIN_COMPLETE | AG29: CONTROL_INFO_MISSING_DENOX|CONTROL_RELATION_CATEGORY_LEVEL|MULTI_PROCESS_MAX_DEFAULT | AH29: 附录D 表D.1 p.43 | AI29: /Users/wushuo/Desktop/环境学院论文/固定燃烧源清单经验缺失处置实验/实验结果/02_实验A_端到端清单编制/02_火电热力/01_Full完整方法/R1/inputs/基102-2002_原始结构脱敏输入.xlsx | AJ29: Sheet1 | AK29: 3188
A30: ITEM-FUEL-SRC-RAW-0109432DE0E295CD5108-fuel_1-CO | B30: SRC-RAW-0109432DE0E295CD5108 | C30: POWER | D30: ENT-8875BA3A892B | E30: 茂名市 | F30: 4411 | G30: 燃煤锅炉 | H30: DA001 | I30: fuel_1 | J30: 一般烟煤 | K30: 煤炭 | L30: 流化床炉 | M30: CO | N30: 105301.9 | O30: 吨 | P30: =IF(O30="吨",N30*1000,IF(O30="万立方米",N30*10000,"")) -> 105301904 | Q30: kg | R30: raw_amount*1000 | S30: D-EP-COAL-CFB-CO | T30: constant | U30: =2.0 -> 2 | V30: g/kg燃料 | W30: constant parameter | Y30: [] | Z30: 0 | AC30: =P30*U30/1000000 -> 210.60381 | AD30: =AC30*(1-Z30/100) -> 210.60381 | AE30: allow_calculation | AF30: RULE_CHAIN_COMPLETE | AG30: CONTROL_INFO_MISSING_DENOX|CONTROL_RELATION_CATEGORY_LEVEL|NO_APPLICABLE_CONTROL_ZERO | AH30: 附录D 表D.1 p.43 | AI30: /Users/wushuo/Desktop/环境学院论文/固定燃烧源清单经验缺失处置实验/实验结果/02_实验A_端到端清单编制/02_火电热力/01_Full完整方法/R1/inputs/基102-2002_原始结构脱敏输入.xlsx | AJ30: Sheet1 | AK30: 3188
A31: ITEM-FUEL-SRC-RAW-0109432DE0E295CD5108-fuel_1-NOX | B31: SRC-RAW-0109432DE0E295CD5108 | C31: POWER | D31: ENT-8875BA3A892B | E31: 茂名市 | F31: 4411 | G31: 燃煤锅炉 | H31: DA001 | I31: fuel_1 | J31: 一般烟煤 | K31: 煤炭 | L31: 流化床炉 | M31: NOX | N31: 105301.9 | O31: 吨 | P31: =IF(O31="吨",N31*1000,IF(O31="万立方米",N31*10000,"")) -> 105301904 | Q31: kg | R31: raw_amount*1000 | S31: D-EP-COAL-CFB-NOX | T31: capacity_lookup | U31: =8.96 -> 8.96 | V31: g/kg燃料 | W31: capacity band | Y31: [] | Z31: 0 | AC31: =P31*U31/1000000 -> 943.50506 | AD31: =AC31*(1-Z31/100) -> 943.50506 | AE31: allow_calculation | AF31: RULE_CHAIN_COMPLETE | AG31: CONTROL_INFO_MISSING_DENOX|CONTROL_MISSING_ZERO|CONTROL_RELATION_CATEGORY_LEVEL | AH31: 附录D 表D.1 p.43 | AI31: /Users/wushuo/Desktop/环境学院论文/固定燃烧源清单经验缺失处置实验/实验结果/02_实验A_端到端清单编制/02_火电热力/01_Full完整方法/R1/inputs/基102-2002_原始结构脱敏输入.xlsx | AJ31: Sheet1 | AK31: 3188
A32: ITEM-FUEL-SRC-RAW-0109432DE0E295CD5108-fuel_1-OC | B32: SRC-RAW-0109432DE0E295CD5108 | C32: POWER | D32: ENT-8875BA3A892B | E32: 茂名市 | F32: 4411 | G32: 燃煤锅炉 | H32: DA001 | I32: fuel_1 | J32: 一般烟煤 | K32: 煤炭 | L32: 流化床炉 | M32: OC | N32: 105301.9 | O32: 吨 | P32: =IF(O32="吨",N32*1000,IF(O32="万立方米",N32*10000,"")) -> 105301904 | Q32: kg | R32: raw_amount*1000 | S32: D-EP-COAL-CFB-OC | T32: coal_particle_balance | U32: =0.0 -> 0 | V32: g/kg燃料 | W32: 10*Aar*(1-ar)*fPM25*fOC | X32: 普通静电除尘法 | Y32: ["A1-19-OC", "A1-20-OC"] | Z32: 93 | AC32: =P32*U32/1000000 -> 0 | AD32: =AC32*(1-Z32/100) -> 0 | AE32: allow_calculation | AF32: RULE_CHAIN_COMPLETE | AG32: CONTROL_INFO_MISSING_DENOX|CONTROL_RELATION_CATEGORY_LEVEL|MULTI_PROCESS_MAX_DEFAULT | AH32: 附录D 表D.1 p.43 | AI32: /Users/wushuo/Desktop/环境学院论文/固定燃烧源清单经验缺失处置实验/实验结果/02_实验A_端到端清单编制/02_火电热力/01_Full完整方法/R1/inputs/基102-2002_原始结构脱敏输入.xlsx | AJ32: Sheet1 | AK32: 3188
A33: ITEM-FUEL-SRC-RAW-0109432DE0E295CD5108-fuel_1-PM10 | B33: SRC-RAW-0109432DE0E295CD5108 | C33: POWER | D33: ENT-8875BA3A892B | E33: 茂名市 | F33: 4411 | G33: 燃煤锅炉 | H33: DA001 | I33: fuel_1 | J33: 一般烟煤 | K33: 煤炭 | L33: 流化床炉 | M33: PM10 | N33: 105301.9 | O33: 吨 | P33: =IF(O33="吨",N33*1000,IF(O33="万立方米",N33*10000,"")) -> 105301904 | Q33: kg | R33: raw_amount*1000 | S33: D-EP-COAL-CFB-PM10 | T33: coal_particle_balance | U33: =37.40072 -> 37.40072 | V33: g/kg燃料 | W33: 10*Aar*(1-ar)*fPM10 | X33: 普通静电除尘法 | Y33: ["A1-19-PM25", "A1-19-PM25_10", "A1-20-PM25", "A1-20-PM25_10"] | Z33: 98 | AA33: 93 | AB33: 98 | AC33: =P33*U33/1000000 -> 3938.367 | AD33: =AC34*(1-AA33/100)+(AC33-AC34)*(1-AB33/100) -> 126.29936 | AE33: allow_calculation | AF33: RULE_CHAIN_COMPLETE | AG33: CONTROL_INFO_MISSING_DENOX|CONTROL_RELATION_CATEGORY_LEVEL|MULTI_PROCESS_MAX_DEFAULT | AH33: 附录D 表D.1 p.43 | AI33: /Users/wushuo/Desktop/环境学院论文/固定燃烧源清单经验缺失处置实验/实验结果/02_实验A_端到端清单编制/02_火电热力/01_Full完整方法/R1/inputs/基102-2002_原始结构脱敏输入.xlsx | AJ33: Sheet1 | AK33: 3188
A34: ITEM-FUEL-SRC-RAW-0109432DE0E295CD5108-fuel_1-PM25 | B34: SRC-RAW-0109432DE0E295CD5108 | C34: POWER | D34: ENT-8875BA3A892B | E34: 茂名市 | F34: 4411 | G34: 燃煤锅炉 | H34: DA001 | I34: fuel_1 | J34: 一般烟煤 | K34: 煤炭 | L34: 流化床炉 | M34: PM25 | N34: 105301.9 | O34: 吨 | P34: =IF(O34="吨",N34*1000,IF(O34="万立方米",N34*10000,"")) -> 105301904 | Q34: kg | R34: raw_amount*1000 | S34: D-EP-COAL-CFB-PM25 | T34: coal_particle_balance | U34: =9.027760000000002 -> 9.02776 | V34: g/kg燃料 | W34: 10*Aar*(1-ar)*fPM25 | X34: 普通静电除尘法 | Y34: ["A1-19-PM25", "A1-20-PM25"] | Z34: 93 | AC34: =P34*U34/1000000 -> 950.64032 | AD34: =AC34*(1-Z34/100) -> 66.544822 | AE34: allow_calculation | AF34: RULE_CHAIN_COMPLETE | AG34: CONTROL_INFO_MISSING_DENOX|CONTROL_RELATION_CATEGORY_LEVEL|MULTI_PROCESS_MAX_DEFAULT | AH34: 附录D 表D.1 p.43 | AI34: /Users/wushuo/Desktop/环境学院论文/固定燃烧源清单经验缺失处置实验/实验结果/02_实验A_端到端清单编制/02_火电热力/01_Full完整方法/R1/inputs/基102-2002_原始结构脱敏输入.xlsx | AJ34: Sheet1 | AK34: 3188
A35: ITEM-FUEL-SRC-RAW-0109432DE0E295CD5108-fuel_1-SO2 | B35: SRC-RAW-0109432DE0E295CD5108 | C35: POWER | D35: ENT-8875BA3A892B | E35: 茂名市 | F35: 4411 | G35: 燃煤锅炉 | H35: DA001 | I35: fuel_1 | J35: 一般烟煤 | K35: 煤炭 | L35: 流化床炉 | M35: SO2 | N35: 105301.9 | O35: 吨 | P35: =IF(O35="吨",N35*1000,IF(O35="万立方米",N35*10000,"")) -> 105301904 | Q35: kg | R35: raw_amount*1000 | S35: D-EP-COAL-CFB-SO2 | T35: coal_sulfur_balance | U35: =13.09 -> 13.09 | V35: g/kg燃料 | W35: 20*S_percent*(1-sr) | X35: 其他脱硫技术 | Y35: ["A1-10-SO2", "A1-19-SO2", "A1-10-SO2"] | Z35: 40 | AC35: =P35*U35/1000000 -> 1378.4019 | AD35: =AC35*(1-Z35/100) -> 827.04115 | AE35: allow_calculation | AF35: RULE_CHAIN_COMPLETE | AG35: CONTROL_INFO_MISSING_DENOX|CONTROL_RELATION_CATEGORY_LEVEL|MULTI_PROCESS_MAX_DEFAULT | AH35: 附录D 表D.1 p.43 | AI35: /Users/wushuo/Desktop/环境学院论文/固定燃烧源清单经验缺失处置实验/实验结果/02_实验A_端到端清单编制/02_火电热力/01_Full完整方法/R1/inputs/基102-2002_原始结构脱敏输入.xlsx | AJ35: Sheet1 | AK35: 3188
A36: ITEM-FUEL-SRC-RAW-0109432DE0E295CD5108-fuel_1-VOCS | B36: SRC-RAW-0109432DE0E295CD5108 | C36: POWER | D36: ENT-8875BA3A892B | E36: 茂名市 | F36: 4411 | G36: 燃煤锅炉 | H36: DA001 | I36: fuel_1 | J36: 一般烟煤 | K36: 煤炭 | L36: 流化床炉 | M36: VOCS | N36: 105301.9 | O36: 吨 | P36: =IF(O36="吨",N36*1000,IF(O36="万立方米",N36*10000,"")) -> 105301904 | Q36: kg | R36: raw_amount*1000 | S36: D-EP-COAL-CFB-VOCS | T36: constant | U36: =0.04 -> 0.04 | V36: g/kg燃料 | W36: constant parameter | Y36: [] | Z36: 0 | AC36: =P36*U36/1000000 -> 4.2120762 | AD36: =AC36*(1-Z36/100) -> 4.2120762 | AE36: allow_calculation | AF36: RULE_CHAIN_COMPLETE | AG36: CONTROL_INFO_MISSING_DENOX|CONTROL_RELATION_CATEGORY_LEVEL|NO_APPLICABLE_CONTROL_ZERO | AH36: 附录D 表D.1 p.43 | AI36: /Users/wushuo/Desktop/环境学院论文/固定燃烧源清单经验缺失处置实验/实验结果/02_实验A_端到端清单编制/02_火电热力/01_Full完整方法/R1/inputs/基102-2002_原始结构脱敏输入.xlsx | AJ36: Sheet1 | AK36: 3188
A37: ITEM-FUEL-SRC-RAW-0109432DE0E295CD5108-fuel_2-BC | B37: SRC-RAW-0109432DE0E295CD5108 | C37: POWER | D37: ENT-8875BA3A892B | E37: 茂名市 | F37: 4411 | G37: 燃煤锅炉 | H37: DA001 | I37: fuel_2 | J37: 石油焦 | K37: 石油焦 | L37: 燃油锅炉 | M37: BC | N37: 84772.738 | O37: 吨 | P37: =IF(O37="吨",N37*1000,IF(O37="万立方米",N37*10000,"")) -> 84772738 | Q37: kg | R37: raw_amount*1000 | S37: D-EP-PETCOKE-OILBOILER-BC | T37: constant | U37: =0.04 -> 0.04 | V37: g/kg燃料 | W37: constant parameter | X37: 普通静电除尘法 | Y37: ["A1-19-BC", "A1-20-BC"] | Z37: 93 | AC37: =P37*U37/1000000 -> 3.3909095 | AD37: =AC37*(1-Z37/100) -> 0.23736367 | AE37: allow_calculation | AF37: RULE_CHAIN_COMPLETE | AG37: CONTROL_INFO_MISSING_DENOX|CONTROL_RELATION_CATEGORY_LEVEL|MULTI_PROCESS_MAX_DEFAULT | AH37: 附录D 表D.1 p.43 | AI37: /Users/wushuo/Desktop/环境学院论文/固定燃烧源清单经验缺失处置实验/实验结果/02_实验A_端到端清单编制/02_火电热力/01_Full完整方法/R1/inputs/基102-2002_原始结构脱敏输入.xlsx | AJ37: Sheet1 | AK37: 3188
A38: ITEM-FUEL-SRC-RAW-0109432DE0E295CD5108-fuel_2-CO | B38: SRC-RAW-0109432DE0E295CD5108 | C38: POWER | D38: ENT-8875BA3A892B | E38: 茂名市 | F38: 4411 | G38: 燃煤锅炉 | H38: DA001 | I38: fuel_2 | J38: 石油焦 | K38: 石油焦 | L38: 燃油锅炉 | M38: CO | N38: 84772.738 | O38: 吨 | P38: =IF(O38="吨",N38*1000,IF(O38="万立方米",N38*10000,"")) -> 84772738 | Q38: kg | R38: raw_amount*1000 | S38: D-EP-PETCOKE-OILBOILER-CO | T38: constant | U38: =0.6 -> 0.6 | V38: g/kg燃料 | W38: constant parameter | Y38: [] | Z38: 0 | AC38: =P38*U38/1000000 -> 50.863643 | AD38: =AC38*(1-Z38/100) -> 50.863643 | AE38: allow_calculation | AF38: RULE_CHAIN_COMPLETE | AG38: CONTROL_INFO_MISSING_DENOX|CONTROL_RELATION_CATEGORY_LEVEL|NO_APPLICABLE_CONTROL_ZERO | AH38: 附录D 表D.1 p.43 | AI38: /Users/wushuo/Desktop/环境学院论文/固定燃烧源清单经验缺失处置实验/实验结果/02_实验A_端到端清单编制/02_火电热力/01_Full完整方法/R1/inputs/基102-2002_原始结构脱敏输入.xlsx | AJ38: Sheet1 | AK38: 3188
A39: ITEM-FUEL-SRC-RAW-0109432DE0E295CD5108-fuel_2-NOX | B39: SRC-RAW-0109432DE0E295CD5108 | C39: POWER | D39: ENT-8875BA3A892B | E39: 茂名市 | F39: 4411 | G39: 燃煤锅炉 | H39: DA001 | I39: fuel_2 | J39: 石油焦 | K39: 石油焦 | L39: 燃油锅炉 | M39: NOX | N39: 84772.738 | O39: 吨 | P39: =IF(O39="吨",N39*1000,IF(O39="万立方米",N39*10000,"")) -> 84772738 | Q39: kg | R39: raw_amount*1000 | S39: D-EP-PETCOKE-OILBOILER-NOX | T39: constant | U39: =10.06 -> 10.06 | V39: g/kg燃料 | W39: constant parameter | Y39: [] | Z39: 0 | AC39: =P39*U39/1000000 -> 852.81374 | AD39: =AC39*(1-Z39/100) -> 852.81374 | AE39: allow_calculation | AF39: RULE_CHAIN_COMPLETE | AG39: CONTROL_INFO_MISSING_DENOX|CONTROL_MISSING_ZERO|CONTROL_RELATION_CATEGORY_LEVEL | AH39: 附录D 表D.1 p.43 | AI39: /Users/wushuo/Desktop/环境学院论文/固定燃烧源清单经验缺失处置实验/实验结果/02_实验A_端到端清单编制/02_火电热力/01_Full完整方法/R1/inputs/基102-2002_原始结构脱敏输入.xlsx | AJ39: Sheet1 | AK39: 3188
A40: ITEM-FUEL-SRC-RAW-0109432DE0E295CD5108-fuel_2-OC | B40: SRC-RAW-0109432DE0E295CD5108 | C40: POWER | D40: ENT-8875BA3A892B | E40: 茂名市 | F40: 4411 | G40: 燃煤锅炉 | H40: DA001 | I40: fuel_2 | J40: 石油焦 | K40: 石油焦 | L40: 燃油锅炉 | M40: OC | N40: 84772.738 | O40: 吨 | P40: =IF(O40="吨",N40*1000,IF(O40="万立方米",N40*10000,"")) -> 84772738 | Q40: kg | R40: raw_amount*1000 | S40: D-EP-PETCOKE-OILBOILER-OC | T40: constant | U40: =0.01 -> 0.01 | V40: g/kg燃料 | W40: constant parameter | X40: 普通静电除尘法 | Y40: ["A1-19-OC", "A1-20-OC"] | Z40: 93 | AC40: =P40*U40/1000000 -> 0.84772738 | AD40: =AC40*(1-Z40/100) -> 0.059340917 | AE40: allow_calculation | AF40: RULE_CHAIN_COMPLETE | AG40: CONTROL_INFO_MISSING_DENOX|CONTROL_RELATION_CATEGORY_LEVEL|MULTI_PROCESS_MAX_DEFAULT | AH40: 附录D 表D.1 p.43 | AI40: /Users/wushuo/Desktop/环境学院论文/固定燃烧源清单经验缺失处置实验/实验结果/02_实验A_端到端清单编制/02_火电热力/01_Full完整方法/R1/inputs/基102-2002_原始结构脱敏输入.xlsx | AJ40: Sheet1 | AK40: 3188
A41: ITEM-FUEL-SRC-RAW-0109432DE0E295CD5108-fuel_2-PM10 | B41: SRC-RAW-0109432DE0E295CD5108 | C41: POWER | D41: ENT-8875BA3A892B | E41: 茂名市 | F41: 4411 | G41: 燃煤锅炉 | H41: DA001 | I41: fuel_2 | J41: 石油焦 | K41: 石油焦 | L41: 燃油锅炉 | M41: PM10 | N41: 84772.738 | O41: 吨 | P41: =IF(O41="吨",N41*1000,IF(O41="万立方米",N41*10000,"")) -> 84772738 | Q41: kg | R41: raw_amount*1000 | S41: D-EP-PETCOKE-OILBOILER-PM10 | T41: constant | U41: =0.85 -> 0.85 | V41: g/kg燃料 | W41: constant parameter | X41: 普通静电除尘法 | Y41: ["A1-19-PM25", "A1-19-PM25_10", "A1-20-PM25", "A1-20-PM25_10"] | Z41: 98 | AA41: 93 | AB41: 98 | AC41: =P41*U41/1000000 -> 72.056827 | AD41: =AC42*(1-AA41/100)+(AC41-AC42)*(1-AB41/100) -> 4.0690914 | AE41: allow_calculation | AF41: RULE_CHAIN_COMPLETE | AG41: CONTROL_INFO_MISSING_DENOX|CONTROL_RELATION_CATEGORY_LEVEL|MULTI_PROCESS_MAX_DEFAULT | AH41: 附录D 表D.1 p.43 | AI41: /Users/wushuo/Desktop/环境学院论文/固定燃烧源清单经验缺失处置实验/实验结果/02_实验A_端到端清单编制/02_火电热力/01_Full完整方法/R1/inputs/基102-2002_原始结构脱敏输入.xlsx | AJ41: Sheet1 | AK41: 3188
A42: ITEM-FUEL-SRC-RAW-0109432DE0E295CD5108-fuel_2-PM25 | B42: SRC-RAW-0109432DE0E295CD5108 | C42: POWER | D42: ENT-8875BA3A892B | E42: 茂名市 | F42: 4411 | G42: 燃煤锅炉 | H42: DA001 | I42: fuel_2 | J42: 石油焦 | K42: 石油焦 | L42: 燃油锅炉 | M42: PM25 | N42: 84772.738 | O42: 吨 | P42: =IF(O42="吨",N42*1000,IF(O42="万立方米",N42*10000,"")) -> 84772738 | Q42: kg | R42: raw_amount*1000 | S42: D-EP-PETCOKE-OILBOILER-PM25 | T42: constant | U42: =0.62 -> 0.62 | V42: g/kg燃料 | W42: constant parameter | X42: 普通静电除尘法 | Y42: ["A1-19-PM25", "A1-20-PM25"] | Z42: 93 | AC42: =P42*U42/1000000 -> 52.559098 | AD42: =AC42*(1-Z42/100) -> 3.6791368 | AE42: allow_calculation | AF42: RULE_CHAIN_COMPLETE | AG42: CONTROL_INFO_MISSING_DENOX|CONTROL_RELATION_CATEGORY_LEVEL|MULTI_PROCESS_MAX_DEFAULT | AH42: 附录D 表D.1 p.43 | AI42: /Users/wushuo/Desktop/环境学院论文/固定燃烧源清单经验缺失处置实验/实验结果/02_实验A_端到端清单编制/02_火电热力/01_Full完整方法/R1/inputs/基102-2002_原始结构脱敏输入.xlsx | AJ42: Sheet1 | AK42: 3188
A43: ITEM-FUEL-SRC-RAW-0109432DE0E295CD5108-fuel_2-SO2 | B43: SRC-RAW-0109432DE0E295CD5108 | C43: POWER | D43: ENT-8875BA3A892B | E43: 茂名市 | F43: 4411 | G43: 燃煤锅炉 | H43: DA001 | I43: fuel_2 | J43: 石油焦 | K43: 石油焦 | L43: 燃油锅炉 | M43: SO2 | N43: 84772.738 | O43: 吨 | P43: =IF(O43="吨",N43*1000,IF(O43="万立方米",N43*10000,"")) -> 84772738 | Q43: kg | R43: raw_amount*1000 | S43: D-EP-PETCOKE-OILBOILER-SO2 | T43: constant | U43: =0.0 -> 0 | V43: g/kg燃料 | W43: constant parameter | X43: 其他脱硫技术 | Y43: ["A1-10-SO2", "A1-19-SO2", "A1-10-SO2"] | Z43: 40 | AC43: =P43*U43/1000000 -> 0 | AD43: =AC43*(1-Z43/100) -> 0 | AE43: allow_calculation | AF43: RULE_CHAIN_COMPLETE | AG43: CONTROL_INFO_MISSING_DENOX|CONTROL_RELATION_CATEGORY_LEVEL|MULTI_PROCESS_MAX_DEFAULT | AH43: 附录D 表D.1 p.43 | AI43: /Users/wushuo/Desktop/环境学院论文/固定燃烧源清单经验缺失处置实验/实验结果/02_实验A_端到端清单编制/02_火电热力/01_Full完整方法/R1/inputs/基102-2002_原始结构脱敏输入.xlsx | AJ43: Sheet1 | AK43: 3188
A44: ITEM-FUEL-SRC-RAW-0109432DE0E295CD5108-fuel_2-VOCS | B44: SRC-RAW-0109432DE0E295CD5108 | C44: POWER | D44: ENT-8875BA3A892B | E44: 茂名市 | F44: 4411 | G44: 燃煤锅炉 | H44: DA001 | I44: fuel_2 | J44: 石油焦 | K44: 石油焦 | L44: 燃油锅炉 | M44: VOCS | N44: 84772.738 | O44: 吨 | P44: =IF(O44="吨",N44*1000,IF(O44="万立方米",N44*10000,"")) -> 84772738 | Q44: kg | R44: raw_amount*1000 | S44: D-EP-PETCOKE-OILBOILER-VOCS | T44: constant | U44: =33.0 -> 33 | V44: g/kg燃料 | W44: constant parameter | Y44: [] | Z44: 0 | AC44: =P44*U44/1000000 -> 2797.5004 | AD44: =AC44*(1-Z44/100) -> 2797.5004 | AE44: allow_calculation | AF44: RULE_CHAIN_COMPLETE | AG44: CONTROL_INFO_MISSING_DENOX|CONTROL_RELATION_CATEGORY_LEVEL|NO_APPLICABLE_CONTROL_ZERO | AH44: 附录D 表D.1 p.43 | AI44: /Users/wushuo/Desktop/环境学院论文/固定燃烧源清单经验缺失处置实验/实验结果/02_实验A_端到端清单编制/02_火电热力/01_Full完整方法/R1/inputs/基102-2002_原始结构脱敏输入.xlsx | AJ44: Sheet1 | AK44: 3188
A45: ITEM-SRC-RAW-0109432DE0E295CD5108-NH3-SLIP | B45: SRC-RAW-0109432DE0E295CD5108 | C45: POWER | D45: ENT-8875BA3A892B | E45: 茂名市 | F45: 4411 | G45: 燃煤锅炉 | H45: DA001 | M45: NH3 | P45: =IF(O45="吨",N45*1000,IF(O45="万立方米",N45*10000,"")) -> 0 | Q45: kg_coal | R45: SUM(适用煤炭活动水平kg) | T45: empirical_zero | U45: =0.0 -> 0 | V45: g/kg煤 | W45: 明确没有SCR/SNCR，NH3为0 | Y45: [] | Z45: 0 | AC45: =P45*U45/1000000 -> 0 | AD45: =AC45*(1-Z45/100) -> 0 | AE45: not_applicable | AF45: NH3_NOT_APPLICABLE_NO_SCR_SNCR | AG45: CONTROL_RELATION_CATEGORY_LEVEL|NH3_NOT_APPLICABLE_NO_SCR_SNCR | AH45: 经验缺失处置规则 p. | AI45: /Users/wushuo/Desktop/环境学院论文/固定燃烧源清单经验缺失处置实验/实验结果/02_实验A_端到端清单编制/02_火电热力/01_Full完整方法/R1/inputs/基102-2002_原始结构脱敏输入.xlsx | AJ45: Sheet1 | AK45: 3188
A46: ITEM-FUEL-SRC-RAW-017C98E5B9CB826F2F33-fuel_1-BC | B46: SRC-RAW-017C98E5B9CB826F2F33 | C46: POWER | D46: ENT-8B49EFE262D1 | E46: 珠海市 | F46: 4412 | G46: 燃气轮机 | H46: DA001 | I46: fuel_1 | J46: 天然气 | K46: 天然气 | L46: 燃气锅炉 | M46: BC | N46: 11077.721 | O46: 万立方米 | P46: =IF(O46="吨",N46*1000,IF(O46="万立方米",N46*10000,"")) -> 110777210 | Q46: m3 | R46: raw_amount*10000 | S46: D-EP-NG-GASBOILER-BC | T46: constant | U46: =0.0 -> 0 | V46: g/m3 | W46: constant parameter | Y46: [] | Z46: 0 | AC46: =P46*U46/1000000 -> 0 | AD46: =AC46*(1-Z46/100) -> 0 | AE46: allow_calculation | AF46: RULE_CHAIN_COMPLETE | AG46: CONTROL_INFO_MISSING_DENOX|CONTROL_INFO_MISSING_DESULF|CONTROL_INFO_MISSING_DUST|CONTROL_MISSING_ZERO | AH46: 附录D 表D.1 p.43 | AI46: /Users/wushuo/Desktop/环境学院论文/固定燃烧源清单经验缺失处置实验/实验结果/02_实验A_端到端清单编制/02_火电热力/01_Full完整方法/R1/inputs/基102-2002_原始结构脱敏输入.xlsx | AJ46: Sheet1 | AK46: 1519
A47: ITEM-FUEL-SRC-RAW-017C98E5B9CB826F2F33-fuel_1-CO | B47: SRC-RAW-017C98E5B9CB826F2F33 | C47: POWER | D47: ENT-8B49EFE262D1 | E47: 珠海市 | F47: 4412 | G47: 燃气轮机 | H47: DA001 | I47: fuel_1 | J47: 天然气 | K47: 天然气 | L47: 燃气锅炉 | M47: CO | N47: 11077.721 | O47: 万立方米 | P47: =IF(O47="吨",N47*1000,IF(O47="万立方米",N47*10000,"")) -> 110777210 | Q47: m3 | R47: raw_amount*10000 | S47: D-EP-NG-GASBOILER-CO | T47: constant | U47: =1.3 -> 1.3 | V47: g/m3 | W47: constant parameter | Y47: [] | Z47: 0 | AC47: =P47*U47/1000000 -> 144.01037 | AD47: =AC47*(1-Z47/100) -> 144.01037 | AE47: allow_calculation | AF47: RULE_CHAIN_COMPLETE | AG47: CONTROL_INFO_MISSING_DENOX|CONTROL_INFO_MISSING_DESULF|CONTROL_INFO_MISSING_DUST|NO_APPLICABLE_CONTROL_ZERO | AH47: 附录D 表D.1 p.43 | AI47: /Users/wushuo/Desktop/环境学院论文/固定燃烧源清单经验缺失处置实验/实验结果/02_实验A_端到端清单编制/02_火电热力/01_Full完整方法/R1/inputs/基102-2002_原始结构脱敏输入.xlsx | AJ47: Sheet1 | AK47: 1519
A48: ITEM-FUEL-SRC-RAW-017C98E5B9CB826F2F33-fuel_1-NOX | B48: SRC-RAW-017C98E5B9CB826F2F33 | C48: POWER | D48: ENT-8B49EFE262D1 | E48: 珠海市 | F48: 4412 | G48: 燃气轮机 | H48: DA001 | I48: fuel_1 | J48: 天然气 | K48: 天然气 | L48: 燃气锅炉 | M48: NOX | N48: 11077.721 | O48: 万立方米 | P48: =IF(O48="吨",N48*1000,IF(O48="万立方米",N48*10000,"")) -> 110777210 | Q48: m3 | R48: raw_amount*10000 | S48: D-EP-NG-GASBOILER-NOX | T48: constant | U48: =4.1 -> 4.1 | V48: g/m3 | W48: constant parameter | X48: 低氮燃烧技术 | Y48: ["A1-11-NOX"] | Z48: 22 | AC48: =P48*U48/1000000 -> 454.18656 | AD48: =AC48*(1-Z48/100) -> 354.26552 | AE48: allow_calculation | AF48: RULE_CHAIN_COMPLETE | AG48: CONTROL_INFO_MISSING_DENOX|CONTROL_INFO_MISSING_DESULF|CONTROL_INFO_MISSING_DUST | AH48: 附录D 表D.1 p.43 | AI48: /Users/wushuo/Desktop/环境学院论文/固定燃烧源清单经验缺失处置实验/实验结果/02_实验A_端到端清单编制/02_火电热力/01_Full完整方法/R1/inputs/基102-2002_原始结构脱敏输入.xlsx | AJ48: Sheet1 | AK48: 1519
A49: ITEM-FUEL-SRC-RAW-017C98E5B9CB826F2F33-fuel_1-OC | B49: SRC-RAW-017C98E5B9CB826F2F33 | C49: POWER | D49: ENT-8B49EFE262D1 | E49: 珠海市 | F49: 4412 | G49: 燃气轮机 | H49: DA001 | I49: fuel_1 | J49: 天然气 | K49: 天然气 | L49: 燃气锅炉 | M49: OC | N49: 11077.721 | O49: 万立方米 | P49: =IF(O49="吨",N49*1000,IF(O49="万立方米",N49*10000,"")) -> 110777210 | Q49: m3 | R49: raw_amount*10000 | S49: D-EP-NG-GASBOILER-OC | T49: constant | U49: =0.0 -> 0 | V49: g/m3 | W49: constant parameter | Y49: [] | Z49: 0 | AC49: =P49*U49/1000000 -> 0 | AD49: =AC49*(1-Z49/100) -> 0 | AE49: allow_calculation | AF49: RULE_CHAIN_COMPLETE | AG49: CONTROL_INFO_MISSING_DENOX|CONTROL_INFO_MISSING_DESULF|CONTROL_INFO_MISSING_DUST|CONTROL_MISSING_ZERO | AH49: 附录D 表D.1 p.43 | AI49: /Users/wushuo/Desktop/环境学院论文/固定燃烧源清单经验缺失处置实验/实验结果/02_实验A_端到端清单编制/02_火电热力/01_Full完整方法/R1/inputs/基102-2002_原始结构脱敏输入.xlsx | AJ49: Sheet1 | AK49: 1519
A50: ITEM-FUEL-SRC-RAW-017C98E5B9CB826F2F33-fuel_1-PM10 | B50: SRC-RAW-017C98E5B9CB826F2F33 | C50: POWER | D50: ENT-8B49EFE262D1 | E50: 珠海市 | F50: 4412 | G50: 燃气轮机 | H50: DA001 | I50: fuel_1 | J50: 天然气 | K50: 天然气 | L50: 燃气锅炉 | M50: PM10 | N50: 11077.721 | O50: 万立方米 | P50: =IF(O50="吨",N50*1000,IF(O50="万立方米",N50*10000,"")) -> 110777210 | Q50: m3 | R50: raw_amount*10000 | S50: D-EP-NG-GASBOILER-PM10 | T50: constant | U50: =0.03 -> 0.03 | V50: g/m3 | W50: constant parameter | Y50: [] | Z50: 0 | AA50: 0 | AB50: 0 | AC50: =P50*U50/1000000 -> 3.3233163 | AD50: =AC51*(1-AA50/100)+(AC50-AC51)*(1-AB50/100) -> 3.3233163 | AE50: allow_calculation | AF50: RULE_CHAIN_COMPLETE | AG50: CONTROL_INFO_MISSING_DENOX|CONTROL_INFO_MISSING_DESULF|CONTROL_INFO_MISSING_DUST|CONTROL_MISSING_ZERO | AH50: 附录D 表D.1 p.43 | AI50: /Users/wushuo/Desktop/环境学院论文/固定燃烧源清单经验缺失处置实验/实验结果/02_实验A_端到端清单编制/02_火电热力/01_Full完整方法/R1/inputs/基102-2002_原始结构脱敏输入.xlsx | AJ50: Sheet1 | AK50: 1519
A51: ITEM-FUEL-SRC-RAW-017C98E5B9CB826F2F33-fuel_1-PM25 | B51: SRC-RAW-017C98E5B9CB826F2F33 | C51: POWER | D51: ENT-8B49EFE262D1 | E51: 珠海市 | F51: 4412 | G51: 燃气轮机 | H51: DA001 | I51: fuel_1 | J51: 天然气 | K51: 天然气 | L51: 燃气锅炉 | M51: PM25 | N51: 11077.721 | O51: 万立方米 | P51: =IF(O51="吨",N51*1000,IF(O51="万立方米",N51*10000,"")) -> 110777210 | Q51: m3 | R51: raw_amount*10000 | S51: D-EP-NG-GASBOILER-PM25 | T51: constant | U51: =0.03 -> 0.03 | V51: g/m3 | W51: constant parameter | Y51: [] | Z51: 0 | AC51: =P51*U51/1000000 -> 3.3233163 | AD51: =AC51*(1-Z51/100) -> 3.3233163 | AE51: allow_calculation | AF51: RULE_CHAIN_COMPLETE | AG51: CONTROL_INFO_MISSING_DENOX|CONTROL_INFO_MISSING_DESULF|CONTROL_INFO_MISSING_DUST|CONTROL_MISSING_ZERO | AH51: 附录D 表D.1 p.43 | AI51: /Users/wushuo/Desktop/环境学院论文/固定燃烧源清单经验缺失处置实验/实验结果/02_实验A_端到端清单编制/02_火电热力/01_Full完整方法/R1/inputs/基102-2002_原始结构脱敏输入.xlsx | AJ51: Sheet1 | AK51: 1519
A52: ITEM-FUEL-SRC-RAW-017C98E5B9CB826F2F33-fuel_1-SO2 | B52: SRC-RAW-017C98E5B9CB826F2F33 | C52: POWER | D52: ENT-8B49EFE262D1 | E52: 珠海市 | F52: 4412 | G52: 燃气轮机 | H52: DA001 | I52: fuel_1 | J52: 天然气 | K52: 天然气 | L52: 燃气锅炉 | M52: SO2 | N52: 11077.721 | O52: 万立方米 | P52: =IF(O52="吨",N52*1000,IF(O52="万立方米",N52*10000,"")) -> 110777210 | Q52: m3 | R52: raw_amount*10000 | S52: D-EP-NG-GASBOILER-SO2 | T52: constant | U52: =0.0 -> 0 | V52: g/m3 | W52: constant parameter | Y52: [] | Z52: 0 | AC52: =P52*U52/1000000 -> 0 | AD52: =AC52*(1-Z52/100) -> 0 | AE52: allow_calculation | AF52: RULE_CHAIN_COMPLETE | AG52: CONTROL_INFO_MISSING_DENOX|CONTROL_INFO_MISSING_DESULF|CONTROL_INFO_MISSING_DUST|CONTROL_MISSING_ZERO | AH52: 附录D 表D.1 p.43 | AI52: /Users/wushuo/Desktop/环境学院论文/固定燃烧源清单经验缺失处置实验/实验结果/02_实验A_端到端清单编制/02_火电热力/01_Full完整方法/R1/inputs/基102-2002_原始结构脱敏输入.xlsx | AJ52: Sheet1 | AK52: 1519
A53: ITEM-FUEL-SRC-RAW-017C98E5B9CB826F2F33-fuel_1-VOCS | B53: SRC-RAW-017C98E5B9CB826F2F33 | C53: POWER | D53: ENT-8B49EFE262D1 | E53: 珠海市 | F53: 4412 | G53: 燃气轮机 | H53: DA001 | I53: fuel_1 | J53: 天然气 | K53: 天然气 | L53: 燃气锅炉 | M53: VOCS | N53: 11077.721 | O53: 万立方米 | P53: =IF(O53="吨",N53*1000,IF(O53="万立方米",N53*10000,"")) -> 110777210 | Q53: m3 | R53: raw_amount*10000 | S53: D-EP-NG-GASBOILER-VOCS | T53: constant | U53: =0.02 -> 0.02 | V53: g/m3 | W53: constant parameter | Y53: [] | Z53: 0 | AC53: =P53*U53/1000000 -> 2.2155442 | AD53: =AC53*(1-Z53/100) -> 2.2155442 | AE53: allow_calculation | AF53: RULE_CHAIN_COMPLETE | AG53: CONTROL_INFO_MISSING_DENOX|CONTROL_INFO_MISSING_DESULF|CONTROL_INFO_MISSING_DUST|NO_APPLICABLE_CONTROL_ZERO | AH53: 附录D 表D.1 p.43 | AI53: /Users/wushuo/Desktop/环境学院论文/固定燃烧源清单经验缺失处置实验/实验结果/02_实验A_端到端清单编制/02_火电热力/01_Full完整方法/R1/inputs/基102-2002_原始结构脱敏输入.xlsx | AJ53: Sheet1 | AK53: 1519
A54: ITEM-SRC-RAW-017C98E5B9CB826F2F33-NH3-SLIP | B54: SRC-RAW-017C98E5B9CB826F2F33 | C54: POWER | D54: ENT-8B49EFE262D1 | E54: 珠海市 | F54: 4412 | G54: 燃气轮机 | H54: DA001 | M54: NH3 | P54: =IF(O54="吨",N54*1000,IF(O54="万立方米",N54*10000,"")) -> 0 | Q54: kg_coal | R54: SUM(适用煤炭活动水平kg) | T54: empirical_zero | U54: =0.0 -> 0 | V54: g/kg煤 | W54: 脱硝信息缺失按0 | Y54: [] | Z54: 0 | AC54: =P54*U54/1000000 -> 0 | AD54: =AC54*(1-Z54/100) -> 0 | AE54: allow_calculation | AF54: RULE_CHAIN_COMPLETE | AG54: DENITRIFICATION_INFO_MISSING_ZERO | AH54: 经验缺失处置规则 p. | AI54: /Users/wushuo/Desktop/环境学院论文/固定燃烧源清单经验缺失处置实验/实验结果/02_实验A_端到端清单编制/02_火电热力/01_Full完整方法/R1/inputs/基102-2002_原始结构脱敏输入.xlsx | AJ54: Sheet1 | AK54: 1519
A55: ITEM-FUEL-SRC-RAW-0180EDF55F46EA2F4653-fuel_1-BC | B55: SRC-RAW-0180EDF55F46EA2F4653 | C55: POWER | D55: ENT-5B3225588C52 | E55: 中山市 | F55: 4412 | G55: 燃气轮机 | H55: DA002 | I55: fuel_1 | J55: 天然气 | K55: 天然气 | L55: 燃气锅炉 | M55: BC | N55: 31222.496 | O55: 万立方米 | P55: =IF(O55="吨",N55*1000,IF(O55="万立方米",N55*10000,"")) -> 312224960 | Q55: m3 | R55: raw_amount*10000 | S55: D-EP-NG-GASBOILER-BC | T55: constant | U55: =0.0 -> 0 | V55: g/m3 | W55: constant parameter | X55: 选择性催化还原法 | Y55: ["A1-13-BC"] | Z55: 57 | AC55: =P55*U55/1000000 -> 0 | AD55: =AC55*(1-Z55/100) -> 0 | AE55: allow_calculation | AF55: RULE_CHAIN_COMPLETE | AG55: CONTROL_INFO_MISSING_DESULF|CONTROL_INFO_MISSING_DUST|CONTROL_RELATION_CATEGORY_LEVEL | AH55: 附录D 表D.1 p.43 | AI55: /Users/wushuo/Desktop/环境学院论文/固定燃烧源清单经验缺失处置实验/实验结果/02_实验A_端到端清单编制/02_火电热力/01_Full完整方法/R1/inputs/基102-2002_原始结构脱敏输入.xlsx | AJ55: Sheet1 | AK55: 5395
A56: ITEM-FUEL-SRC-RAW-0180EDF55F46EA2F4653-fuel_1-CO | B56: SRC-RAW-0180EDF55F46EA2F4653 | C56: POWER | D56: ENT-5B3225588C52 | E56: 中山市 | F56: 4412 | G56: 燃气轮机 | H56: DA002 | I56: fuel_1 | J56: 天然气 | K56: 天然气 | L56: 燃气锅炉 | M56: CO | N56: 31222.496 | O56: 万立方米 | P56: =IF(O56="吨",N56*1000,IF(O56="万立方米",N56*10000,"")) -> 312224960 | Q56: m3 | R56: raw_amount*10000 | S56: D-EP-NG-GASBOILER-CO | T56: constant | U56: =1.3 -> 1.3 | V56: g/m3 | W56: constant parameter | Y56: [] | Z56: 0 | AC56: =P56*U56/1000000 -> 405.89245 | AD56: =AC56*(1-Z56/100) -> 405.89245 | AE56: allow_calculation | AF56: RULE_CHAIN_COMPLETE | AG56: CONTROL_INFO_MISSING_DESULF|CONTROL_INFO_MISSING_DUST|CONTROL_RELATION_CATEGORY_LEVEL|NO_APPLICABLE_CONTROL_ZERO | AH56: 附录D 表D.1 p.43 | AI56: /Users/wushuo/Desktop/环境学院论文/固定燃烧源清单经验缺失处置实验/实验结果/02_实验A_端到端清单编制/02_火电热力/01_Full完整方法/R1/inputs/基102-2002_原始结构脱敏输入.xlsx | AJ56: Sheet1 | AK56: 5395
A57: ITEM-FUEL-SRC-RAW-0180EDF55F46EA2F4653-fuel_1-NOX | B57: SRC-RAW-0180EDF55F46EA2F4653 | C57: POWER | D57: ENT-5B3225588C52 | E57: 中山市 | F57: 4412 | G57: 燃气轮机 | H57: DA002 | I57: fuel_1 | J57: 天然气 | K57: 天然气 | L57: 燃气锅炉 | M57: NOX | N57: 31222.496 | O57: 万立方米 | P57: =IF(O57="吨",N57*1000,IF(O57="万立方米",N57*10000,"")) -> 312224960 | Q57: m3 | R57: raw_amount*10000 | S57: D-EP-NG-GASBOILER-NOX | T57: constant | U57: =4.1 -> 4.1 | V57: g/m3 | W57: constant parameter | X57: 低氮燃烧技术+选择性催化还原法 | Y57: ["A1-15-NOX"] | Z57: 64 | AC57: =P57*U57/1000000 -> 1280.1223 | AD57: =AC57*(1-Z57/100) -> 460.84404 | AE57: allow_calculation | AF57: RULE_CHAIN_COMPLETE | AG57: CONTROL_INFO_MISSING_DESULF|CONTROL_INFO_MISSING_DUST|CONTROL_RELATION_CATEGORY_LEVEL | AH57: 附录D 表D.1 p.43 | AI57: /Users/wushuo/Desktop/环境学院论文/固定燃烧源清单经验缺失处置实验/实验结果/02_实验A_端到端清单编制/02_火电热力/01_Full完整方法/R1/inputs/基102-2002_原始结构脱敏输入.xlsx | AJ57: Sheet1 | AK57: 5395
A58: ITEM-FUEL-SRC-RAW-0180EDF55F46EA2F4653-fuel_1-OC | B58: SRC-RAW-0180EDF55F46EA2F4653 | C58: POWER | D58: ENT-5B3225588C52 | E58: 中山市 | F58: 4412 | G58: 燃气轮机 | H58: DA002 | I58: fuel_1 | J58: 天然气 | K58: 天然气 | L58: 燃气锅炉 | M58: OC | N58: 31222.496 | O58: 万立方米 | P58: =IF(O58="吨",N58*1000,IF(O58="万立方米",N58*10000,"")) -> 312224960 | Q58: m3 | R58: raw_amount*10000 | S58: D-EP-NG-GASBOILER-OC | T58: constant | U58: =0.0 -> 0 | V58: g/m3 | W58: constant parameter | X58: 选择性催化还原法 | Y58: ["A1-13-OC"] | Z58: 57 | AC58: =P58*U58/1000000 -> 0 | AD58: =AC58*(1-Z58/100) -> 0 | AE58: allow_calculation | AF58: RULE_CHAIN_COMPLETE | AG58: CONTROL_INFO_MISSING_DESULF|CONTROL_INFO_MISSING_DUST|CONTROL_RELATION_CATEGORY_LEVEL | AH58: 附录D 表D.1 p.43 | AI58: /Users/wushuo/Desktop/环境学院论文/固定燃烧源清单经验缺失处置实验/实验结果/02_实验A_端到端清单编制/02_火电热力/01_Full完整方法/R1/inputs/基102-2002_原始结构脱敏输入.xlsx | AJ58: Sheet1 | AK58: 5395
A59: ITEM-FUEL-SRC-RAW-0180EDF55F46EA2F4653-fuel_1-PM10 | B59: SRC-RAW-0180EDF55F46EA2F4653 | C59: POWER | D59: ENT-5B3225588C52 | E59: 中山市 | F59: 4412 | G59: 燃气轮机 | H59: DA002 | I59: fuel_1 | J59: 天然气 | K59: 天然气 | L59: 燃气锅炉 | M59: PM10 | N59: 31222.496 | O59: 万立方米 | P59: =IF(O59="吨",N59*1000,IF(O59="万立方米",N59*10000,"")) -> 312224960 | Q59: m3 | R59: raw_amount*10000 | S59: D-EP-NG-GASBOILER-PM10 | T59: constant | U59: =0.03 -> 0.03 | V59: g/m3 | W59: constant parameter | X59: 选择性催化还原法 | Y59: ["A1-13-PM25", "A1-13-PM25_10"] | Z59: 75 | AA59: 57 | AB59: 75 | AC59: =P59*U59/1000000 -> 9.3667488 | AD59: =AC60*(1-AA59/100)+(AC59-AC60)*(1-AB59/100) -> 4.027702 | AE59: allow_calculation | AF59: RULE_CHAIN_COMPLETE | AG59: CONTROL_INFO_MISSING_DESULF|CONTROL_INFO_MISSING_DUST|CONTROL_RELATION_CATEGORY_LEVEL | AH59: 附录D 表D.1 p.43 | AI59: /Users/wushuo/Desktop/环境学院论文/固定燃烧源清单经验缺失处置实验/实验结果/02_实验A_端到端清单编制/02_火电热力/01_Full完整方法/R1/inputs/基102-2002_原始结构脱敏输入.xlsx | AJ59: Sheet1 | AK59: 5395
A60: ITEM-FUEL-SRC-RAW-0180EDF55F46EA2F4653-fuel_1-PM25 | B60: SRC-RAW-0180EDF55F46EA2F4653 | C60: POWER | D60: ENT-5B3225588C52 | E60: 中山市 | F60: 4412 | G60: 燃气轮机 | H60: DA002 | I60: fuel_1 | J60: 天然气 | K60: 天然气 | L60: 燃气锅炉 | M60: PM25 | N60: 31222.496 | O60: 万立方米 | P60: =IF(O60="吨",N60*1000,IF(O60="万立方米",N60*10000,"")) -> 312224960 | Q60: m3 | R60: raw_amount*10000 | S60: D-EP-NG-GASBOILER-PM25 | T60: constant | U60: =0.03 -> 0.03 | V60: g/m3 | W60: constant parameter | X60: 选择性催化还原法 | Y60: ["A1-13-PM25"] | Z60: 57 | AC60: =P60*U60/1000000 -> 9.3667488 | AD60: =AC60*(1-Z60/100) -> 4.027702 | AE60: allow_calculation | AF60: RULE_CHAIN_COMPLETE | AG60: CONTROL_INFO_MISSING_DESULF|CONTROL_INFO_MISSING_DUST|CONTROL_RELATION_CATEGORY_LEVEL | AH60: 附录D 表D.1 p.43 | AI60: /Users/wushuo/Desktop/环境学院论文/固定燃烧源清单经验缺失处置实验/实验结果/02_实验A_端到端清单编制/02_火电热力/01_Full完整方法/R1/inputs/基102-2002_原始结构脱敏输入.xlsx | AJ60: Sheet1 | AK60: 5395
A61: ITEM-FUEL-SRC-RAW-0180EDF55F46EA2F4653-fuel_1-SO2 | B61: SRC-RAW-0180EDF55F46EA2F4653 | C61: POWER | D61: ENT-5B3225588C52 | E61: 中山市 | F61: 4412 | G61: 燃气轮机 | H61: DA002 | I61: fuel_1 | J61: 天然气 | K61: 天然气 | L61: 燃气锅炉 | M61: SO2 | N61: 31222.496 | O61: 万立方米 | P61: =IF(O61="吨",N61*1000,IF(O61="万立方米",N61*10000,"")) -> 312224960 | Q61: m3 | R61: raw_amount*10000 | S61: D-EP-NG-GASBOILER-SO2 | T61: constant | U61: =0.0 -> 0 | V61: g/m3 | W61: constant parameter | Y61: [] | Z61: 0 | AC61: =P61*U61/1000000 -> 0 | AD61: =AC61*(1-Z61/100) -> 0 | AE61: allow_calculation | AF61: RULE_CHAIN_COMPLETE | AG61: CONTROL_INFO_MISSING_DESULF|CONTROL_INFO_MISSING_DUST|CONTROL_MISSING_ZERO|CONTROL_RELATION_CATEGORY_LEVEL | AH61: 附录D 表D.1 p.43 | AI61: /Users/wushuo/Desktop/环境学院论文/固定燃烧源清单经验缺失处置实验/实验结果/02_实验A_端到端清单编制/02_火电热力/01_Full完整方法/R1/inputs/基102-2002_原始结构脱敏输入.xlsx | AJ61: Sheet1 | AK61: 5395
A62: ITEM-FUEL-SRC-RAW-0180EDF55F46EA2F4653-fuel_1-VOCS | B62: SRC-RAW-0180EDF55F46EA2F4653 | C62: POWER | D62: ENT-5B3225588C52 | E62: 中山市 | F62: 4412 | G62: 燃气轮机 | H62: DA002 | I62: fuel_1 | J62: 天然气 | K62: 天然气 | L62: 燃气锅炉 | M62: VOCS | N62: 31222.496 | O62: 万立方米 | P62: =IF(O62="吨",N62*1000,IF(O62="万立方米",N62*10000,"")) -> 312224960 | Q62: m3 | R62: raw_amount*10000 | S62: D-EP-NG-GASBOILER-VOCS | T62: constant | U62: =0.02 -> 0.02 | V62: g/m3 | W62: constant parameter | Y62: [] | Z62: 0 | AC62: =P62*U62/1000000 -> 6.2444992 | AD62: =AC62*(1-Z62/100) -> 6.2444992 | AE62: allow_calculation | AF62: RULE_CHAIN_COMPLETE | AG62: CONTROL_INFO_MISSING_DESULF|CONTROL_INFO_MISSING_DUST|CONTROL_RELATION_CATEGORY_LEVEL|NO_APPLICABLE_CONTROL_ZERO | AH62: 附录D 表D.1 p.43 | AI62: /Users/wushuo/Desktop/环境学院论文/固定燃烧源清单经验缺失处置实验/实验结果/02_实验A_端到端清单编制/02_火电热力/01_Full完整方法/R1/inputs/基102-2002_原始结构脱敏输入.xlsx | AJ62: Sheet1 | AK62: 5395
A63: ITEM-SRC-RAW-0180EDF55F46EA2F4653-NH3-SLIP | B63: SRC-RAW-0180EDF55F46EA2F4653 | C63: POWER | D63: ENT-5B3225588C52 | E63: 中山市 | F63: 4412 | G63: 燃气轮机 | H63: DA002 | K63: 煤炭 | L63: 脱硝烟气-选择性催化还原 | M63: NH3 | Q63: kg_coal | R63: SUM(适用煤炭活动水平kg) | S63: E1-SCR-NH3 | T63: constant_sum | U63: =0.16 -> 0.16 | V63: g/kg煤 | W63: E1-SCR-NH3 | X63: 脱硝烟气-选择性催化还原 | Y63: ["E1-SCR-NH3"] | Z63: 0 | AE63: withhold | AF63: NH3_FACTOR_SCOPE_MISMATCH | AG63: CONTROL_RELATION_CATEGORY_LEVEL|NH3_FACTOR_REQUIRES_COAL_ACTIVITY | AH63: 附录E 表E.1 p.50 | AI63: /Users/wushuo/Desktop/环境学院论文/固定燃烧源清单经验缺失处置实验/实验结果/02_实验A_端到端清单编制/02_火电热力/01_Full完整方法/R1/inputs/基102-2002_原始结构脱敏输入.xlsx | AJ63: Sheet1 | AK63: 5395
A64: ITEM-FUEL-SRC-RAW-0249A5BFBA1950F087DA-fuel_1-BC | B64: SRC-RAW-0249A5BFBA1950F087DA | C64: POWER | D64: ENT-5B63BBAC773E | E64: 广州市 | F64: 4417 | G64: 燃生物质锅炉 | H64: DA007 | I64: fuel_1 | J64: 城市生活垃圾（用于燃料） | L64: 不分技术 | M64: BC | N64: 38913.98 | O64: 吨 | P64: =IF(O64="吨",N64*1000,IF(O64="万立方米",N64*10000,"")) -> 38913980 | Q64: kg | R64: raw_amount*1000 | W64: factor not matched | Y64: [] | Z64: 0 | AE64: withhold | AF64: FUEL_UNMAPPED | AG64: CONTROL_INFO_MISSING_DENOX|CONTROL_INFO_MISSING_DESULF|CONTROL_INFO_MISSING_DUST|CONTROL_MISSING_ZERO|FACTOR_UNMATCHED|FUEL_UNMAPPED | AH64: p. | AI64: /Users/wushuo/Desktop/环境学院论文/固定燃烧源清单经验缺失处置实验/实验结果/02_实验A_端到端清单编制/02_火电热力/01_Full完整方法/R1/inputs/基102-2002_原始结构脱敏输入.xlsx | AJ64: Sheet1 | AK64: 173
A65: ITEM-FUEL-SRC-RAW-0249A5BFBA1950F087DA-fuel_1-CO | B65: SRC-RAW-0249A5BFBA1950F087DA | C65: POWER | D65: ENT-5B63BBAC773E | E65: 广州市 | F65: 4417 | G65: 燃生物质锅炉 | H65: DA007 | I65: fuel_1 | J65: 城市生活垃圾（用于燃料） | L65: 不分技术 | M65: CO | N65: 38913.98 | O65: 吨 | P65: =IF(O65="吨",N65*1000,IF(O65="万立方米",N65*10000,"")) -> 38913980 | Q65: kg | R65: raw_amount*1000 | W65: factor not matched | Y65: [] | Z65: 0 | AE65: withhold | AF65: FUEL_UNMAPPED | AG65: CONTROL_INFO_MISSING_DENOX|CONTROL_INFO_MISSING_DESULF|CONTROL_INFO_MISSING_DUST|FACTOR_UNMATCHED|FUEL_UNMAPPED|NO_APPLICABLE_CONTROL_ZERO | AH65: p. | AI65: /Users/wushuo/Desktop/环境学院论文/固定燃烧源清单经验缺失处置实验/实验结果/02_实验A_端到端清单编制/02_火电热力/01_Full完整方法/R1/inputs/基102-2002_原始结构脱敏输入.xlsx | AJ65: Sheet1 | AK65: 173
A66: ITEM-FUEL-SRC-RAW-0249A5BFBA1950F087DA-fuel_1-NOX | B66: SRC-RAW-0249A5BFBA1950F087DA | C66: POWER | D66: ENT-5B63BBAC773E | E66: 广州市 | F66: 4417 | G66: 燃生物质锅炉 | H66: DA007 | I66: fuel_1 | J66: 城市生活垃圾（用于燃料） | L66: 不分技术 | M66: NOX | N66: 38913.98 | O66: 吨 | P66: =IF(O66="吨",N66*1000,IF(O66="万立方米",N66*10000,"")) -> 38913980 | Q66: kg | R66: raw_amount*1000 | W66: factor not matched | X66: 低氮燃烧技术 | Y66: ["A1-11-NOX"] | Z66: 22 | AE66: withhold | AF66: FUEL_UNMAPPED | AG66: CONTROL_INFO_MISSING_DENOX|CONTROL_INFO_MISSING_DESULF|CONTROL_INFO_MISSING_DUST|FACTOR_UNMATCHED|FUEL_UNMAPPED | AH66: p. | AI66: /Users/wushuo/Desktop/环境学院论文/固定燃烧源清单经验缺失处置实验/实验结果/02_实验A_端到端清单编制/02_火电热力/01_Full完整方法/R1/inputs/基102-2002_原始结构脱敏输入.xlsx | AJ66: Sheet1 | AK66: 173
A67: ITEM-FUEL-SRC-RAW-0249A5BFBA1950F087DA-fuel_1-OC | B67: SRC-RAW-0249A5BFBA1950F087DA | C67: POWER | D67: ENT-5B63BBAC773E | E67: 广州市 | F67: 4417 | G67: 燃生物质锅炉 | H67: DA007 | I67: fuel_1 | J67: 城市生活垃圾（用于燃料） | L67: 不分技术 | M67: OC | N67: 38913.98 | O67: 吨 | P67: =IF(O67="吨",N67*1000,IF(O67="万立方米",N67*10000,"")) -> 38913980 | Q67: kg | R67: raw_amount*1000 | W67: factor not matched | Y67: [] | Z67: 0 | AE67: withhold | AF67: FUEL_UNMAPPED | AG67: CONTROL_INFO_MISSING_DENOX|CONTROL_INFO_MISSING_DESULF|CONTROL_INFO_MISSING_DUST|CONTROL_MISSING_ZERO|FACTOR_UNMATCHED|FUEL_UNMAPPED | AH67: p. | AI67: /Users/wushuo/Desktop/环境学院论文/固定燃烧源清单经验缺失处置实验/实验结果/02_实验A_端到端清单编制/02_火电热力/01_Full完整方法/R1/inputs/基102-2002_原始结构脱敏输入.xlsx | AJ67: Sheet1 | AK67: 173
A68: ITEM-FUEL-SRC-RAW-0249A5BFBA1950F087DA-fuel_1-PM10 | B68: SRC-RAW-0249A5BFBA1950F087DA | C68: POWER | D68: ENT-5B63BBAC773E | E68: 广州市 | F68: 4417 | G68: 燃生物质锅炉 | H68: DA007 | I68: fuel_1 | J68: 城市生活垃圾（用于燃料） | L68: 不分技术 | M68: PM10 | N68: 38913.98 | O68: 吨 | P68: =IF(O68="吨",N68*1000,IF(O68="万立方米",N68*10000,"")) -> 38913980 | Q68: kg | R68: raw_amount*1000 | W68: factor not matched | Y68: [] | Z68: 0 | AA68: 0 | AB68: 0 | AE68: withhold | AF68: FUEL_UNMAPPED | AG68: CONTROL_INFO_MISSING_DENOX|CONTROL_INFO_MISSING_DESULF|CONTROL_INFO_MISSING_DUST|CONTROL_MISSING_ZERO|FACTOR_UNMATCHED|FUEL_UNMAPPED | AH68: p. | AI68: /Users/wushuo/Desktop/环境学院论文/固定燃烧源清单经验缺失处置实验/实验结果/02_实验A_端到端清单编制/02_火电热力/01_Full完整方法/R1/inputs/基102-2002_原始结构脱敏输入.xlsx | AJ68: Sheet1 | AK68: 173
A69: ITEM-FUEL-SRC-RAW-0249A5BFBA1950F087DA-fuel_1-PM25 | B69: SRC-RAW-0249A5BFBA1950F087DA | C69: POWER | D69: ENT-5B63BBAC773E | E69: 广州市 | F69: 4417 | G69: 燃生物质锅炉 | H69: DA007 | I69: fuel_1 | J69: 城市生活垃圾（用于燃料） | L69: 不分技术 | M69: PM25 | N69: 38913.98 | O69: 吨 | P69: =IF(O69="吨",N69*1000,IF(O69="万立方米",N69*10000,"")) -> 38913980 | Q69: kg | R69: raw_amount*1000 | W69: factor not matched | Y69: [] | Z69: 0 | AE69: withhold | AF69: FUEL_UNMAPPED | AG69: CONTROL_INFO_MISSING_DENOX|CONTROL_INFO_MISSING_DESULF|CONTROL_INFO_MISSING_DUST|CONTROL_MISSING_ZERO|FACTOR_UNMATCHED|FUEL_UNMAPPED | AH69: p. | AI69: /Users/wushuo/Desktop/环境学院论文/固定燃烧源清单经验缺失处置实验/实验结果/02_实验A_端到端清单编制/02_火电热力/01_Full完整方法/R1/inputs/基102-2002_原始结构脱敏输入.xlsx | AJ69: Sheet1 | AK69: 173
A70: ITEM-FUEL-SRC-RAW-0249A5BFBA1950F087DA-fuel_1-SO2 | B70: SRC-RAW-0249A5BFBA1950F087DA | C70: POWER | D70: ENT-5B63BBAC773E | E70: 广州市 | F70: 4417 | G70: 燃生物质锅炉 | H70: DA007 | I70: fuel_1 | J70: 城市生活垃圾（用于燃料） | L70: 不分技术 | M70: SO2 | N70: 38913.98 | O70: 吨 | P70: =IF(O70="吨",N70*1000,IF(O70="万立方米",N70*10000,"")) -> 38913980 | Q70: kg | R70: raw_amount*1000 | W70: factor not matched | Y70: [] | Z70: 0 | AE70: withhold | AF70: FUEL_UNMAPPED | AG70: CONTROL_INFO_MISSING_DENOX|CONTROL_INFO_MISSING_DESULF|CONTROL_INFO_MISSING_DUST|CONTROL_MISSING_ZERO|FACTOR_UNMATCHED|FUEL_UNMAPPED | AH70: p. | AI70: /Users/wushuo/Desktop/环境学院论文/固定燃烧源清单经验缺失处置实验/实验结果/02_实验A_端到端清单编制/02_火电热力/01_Full完整方法/R1/inputs/基102-2002_原始结构脱敏输入.xlsx | AJ70: Sheet1 | AK70: 173
A71: ITEM-FUEL-SRC-RAW-0249A5BFBA1950F087DA-fuel_1-VOCS | B71: SRC-RAW-0249A5BFBA1950F087DA | C71: POWER | D71: ENT-5B63BBAC773E | E71: 广州市 | F71: 4417 | G71: 燃生物质锅炉 | H71: DA007 | I71: fuel_1 | J71: 城市生活垃圾（用于燃料） | L71: 不分技术 | M71: VOCS | N71: 38913.98 | O71: 吨 | P71: =IF(O71="吨",N71*1000,IF(O71="万立方米",N71*10000,"")) -> 38913980 | Q71: kg | R71: raw_amount*1000 | W71: factor not matched | Y71: [] | Z71: 0 | AE71: withhold | AF71: FUEL_UNMAPPED | AG71: CONTROL_INFO_MISSING_DENOX|CONTROL_INFO_MISSING_DESULF|CONTROL_INFO_MISSING_DUST|FACTOR_UNMATCHED|FUEL_UNMAPPED|NO_APPLICABLE_CONTROL_ZERO | AH71: p. | AI71: /Users/wushuo/Desktop/环境学院论文/固定燃烧源清单经验缺失处置实验/实验结果/02_实验A_端到端清单编制/02_火电热力/01_Full完整方法/R1/inputs/基102-2002_原始结构脱敏输入.xlsx | AJ71: Sheet1 | AK71: 173
A72: ITEM-SRC-RAW-0249A5BFBA1950F087DA-NH3-SLIP | B72: SRC-RAW-0249A5BFBA1950F087DA | C72: POWER | D72: ENT-5B63BBAC773E | E72: 广州市 | F72: 4417 | G72: 燃生物质锅炉 | H72: DA007 | M72: NH3 | P72: =IF(O72="吨",N72*1000,IF(O72="万立方米",N72*10000,"")) -> 0 | Q72: kg_coal | R72: SUM(适用煤炭活动水平kg) | T72: empirical_zero | U72: =0.0 -> 0 | V72: g/kg煤 | W72: 脱硝信息缺失按0 | Y72: [] | Z72: 0 | AC72: =P72*U72/1000000 -> 0 | AD72: =AC72*(1-Z72/100) -> 0 | AE72: allow_calculation | AF72: RULE_CHAIN_COMPLETE | AG72: DENITRIFICATION_INFO_MISSING_ZERO | AH72: 经验缺失处置规则 p. | AI72: /Users/wushuo/Desktop/环境学院论文/固定燃烧源清单经验缺失处置实验/实验结果/02_实验A_端到端清单编制/02_火电热力/01_Full完整方法/R1/inputs/基102-2002_原始结构脱敏输入.xlsx | AJ72: Sheet1 | AK72: 173
A73: ITEM-FUEL-SRC-RAW-02F1AE3DC01E0E3EA7CE-fuel_1-BC | B73: SRC-RAW-02F1AE3DC01E0E3EA7CE | C73: POWER | D73: ENT-2D5DCA2B3D88 | E73: 汕头市 | F73: 4417 | G73: 燃生物质锅炉 | H73: DA003 | I73: fuel_1 | J73: 城市生活垃圾（用于燃料） | L73: 不分技术 | M73: BC | N73: 223323.7 | O73: 吨 | P73: =IF(O73="吨",N73*1000,IF(O73="万立方米",N73*10000,"")) -> 223323700 | Q73: kg | R73: raw_amount*1000 | W73: factor not matched | X73: 袋式除尘法 | Y73: ["A1-03-BC", "A1-12-BC", "A1-22-BC"] | Z73: 94.5 | AE73: withhold | AF73: FUEL_UNMAPPED | AG73: CONTROL_RELATION_CATEGORY_LEVEL|COORDINATE_REVIEW_REQUIRED|FACTOR_UNMATCHED|FUEL_UNMAPPED|MULTI_PROCESS_MAX_DEFAULT | AH73: p. | AI73: /Users/wushuo/Desktop/环境学院论文/固定燃烧源清单经验缺失处置实验/实验结果/02_实验A_端到端清单编制/02_火电热力/01_Full完整方法/R1/inputs/基102-2002_原始结构脱敏输入.xlsx | AJ73: Sheet1 | AK73: 1796
A74: ITEM-FUEL-SRC-RAW-02F1AE3DC01E0E3EA7CE-fuel_1-CO | B74: SRC-RAW-02F1AE3DC01E0E3EA7CE | C74: POWER | D74: ENT-2D5DCA2B3D88 | E74: 汕头市 | F74: 4417 | G74: 燃生物质锅炉 | H74: DA003 | I74: fuel_1 | J74: 城市生活垃圾（用于燃料） | L74: 不分技术 | M74: CO | N74: 223323.7 | O74: 吨 | P74: =IF(O74="吨",N74*1000,IF(O74="万立方米",N74*10000,"")) -> 223323700 | Q74: kg | R74: raw_amount*1000 | W74: factor not matched | Y74: [] | Z74: 0 | AE74: withhold | AF74: FUEL_UNMAPPED | AG74: CONTROL_RELATION_CATEGORY_LEVEL|COORDINATE_REVIEW_REQUIRED|FACTOR_UNMATCHED|FUEL_UNMAPPED|NO_APPLICABLE_CONTROL_ZERO | AH74: p. | AI74: /Users/wushuo/Desktop/环境学院论文/固定燃烧源清单经验缺失处置实验/实验结果/02_实验A_端到端清单编制/02_火电热力/01_Full完整方法/R1/inputs/基102-2002_原始结构脱敏输入.xlsx | AJ74: Sheet1 | AK74: 1796
A75: ITEM-FUEL-SRC-RAW-02F1AE3DC01E0E3EA7CE-fuel_1-NOX | B75: SRC-RAW-02F1AE3DC01E0E3EA7CE | C75: POWER | D75: ENT-2D5DCA2B3D88 | E75: 汕头市 | F75: 4417 | G75: 燃生物质锅炉 | H75: DA003 | I75: fuel_1 | J75: 城市生活垃圾（用于燃料） | L75: 不分技术 | M75: NOX | N75: 223323.7 | O75: 吨 | P75: =IF(O75="吨",N75*1000,IF(O75="万立方米",N75*10000,"")) -> 223323700 | Q75: kg | R75: raw_amount*1000 | W75: factor not matched | X75: 选择性非催化还原法 | Y75: ["A1-12-NOX"] | Z75: 30 | AE75: withhold | AF75: FUEL_UNMAPPED | AG75: CONTROL_RELATION_CATEGORY_LEVEL|COORDINATE_REVIEW_REQUIRED|FACTOR_UNMATCHED|FUEL_UNMAPPED | AH75: p. | AI75: /Users/wushuo/Desktop/环境学院论文/固定燃烧源清单经验缺失处置实验/实验结果/02_实验A_端到端清单编制/02_火电热力/01_Full完整方法/R1/inputs/基102-2002_原始结构脱敏输入.xlsx | AJ75: Sheet1 | AK75: 1796
A76: ITEM-FUEL-SRC-RAW-02F1AE3DC01E0E3EA7CE-fuel_1-OC | B76: SRC-RAW-02F1AE3DC01E0E3EA7CE | C76: POWER | D76: ENT-2D5DCA2B3D88 | E76: 汕头市 | F76: 4417 | G76: 燃生物质锅炉 | H76: DA003 | I76: fuel_1 | J76: 城市生活垃圾（用于燃料） | L76: 不分技术 | M76: OC | N76: 223323.7 | O76: 吨 | P76: =IF(O76="吨",N76*1000,IF(O76="万立方米",N76*10000,"")) -> 223323700 | Q76: kg | R76: raw_amount*1000 | W76: factor not matched | X76: 袋式除尘法 | Y76: ["A1-03-OC", "A1-12-OC", "A1-22-OC"] | Z76: 94.5 | AE76: withhold | AF76: FUEL_UNMAPPED | AG76: CONTROL_RELATION_CATEGORY_LEVEL|COORDINATE_REVIEW_REQUIRED|FACTOR_UNMATCHED|FUEL_UNMAPPED|MULTI_PROCESS_MAX_DEFAULT | AH76: p. | AI76: /Users/wushuo/Desktop/环境学院论文/固定燃烧源清单经验缺失处置实验/实验结果/02_实验A_端到端清单编制/02_火电热力/01_Full完整方法/R1/inputs/基102-2002_原始结构脱敏输入.xlsx | AJ76: Sheet1 | AK76: 1796
A77: ITEM-FUEL-SRC-RAW-02F1AE3DC01E0E3EA7CE-fuel_1-PM10 | B77: SRC-RAW-02F1AE3DC01E0E3EA7CE | C77: POWER | D77: ENT-2D5DCA2B3D88 | E77: 汕头市 | F77: 4417 | G77: 燃生物质锅炉 | H77: DA003 | I77: fuel_1 | J77: 城市生活垃圾（用于燃料） | L77: 不分技术 | M77: PM10 | N77: 223323.7 | O77: 吨 | P77: =IF(O77="吨",N77*1000,IF(O77="万立方米",N77*10000,"")) -> 223323700 | Q77: kg | R77: raw_amount*1000 | W77: factor not matched | X77: 袋式除尘法 | Y77: ["A1-03-PM25", "A1-03-PM25_10", "A1-12-PM25", "A1-12-PM25_10", "A1-22-PM25", "A1-22-PM25_10"] | Z77: 95 | AA77: 94.5 | AB77: 95 | AE77: withhold | AF77: FUEL_UNMAPPED | AG77: CONTROL_RELATION_CATEGORY_LEVEL|COORDINATE_REVIEW_REQUIRED|FACTOR_UNMATCHED|FUEL_UNMAPPED|MULTI_PROCESS_MAX_DEFAULT | AH77: p. | AI77: /Users/wushuo/Desktop/环境学院论文/固定燃烧源清单经验缺失处置实验/实验结果/02_实验A_端到端清单编制/02_火电热力/01_Full完整方法/R1/inputs/基102-2002_原始结构脱敏输入.xlsx | AJ77: Sheet1 | AK77: 1796
A78: ITEM-FUEL-SRC-RAW-02F1AE3DC01E0E3EA7CE-fuel_1-PM25 | B78: SRC-RAW-02F1AE3DC01E0E3EA7CE | C78: POWER | D78: ENT-2D5DCA2B3D88 | E78: 汕头市 | F78: 4417 | G78: 燃生物质锅炉 | H78: DA003 | I78: fuel_1 | J78: 城市生活垃圾（用于燃料） | L78: 不分技术 | M78: PM25 | N78: 223323.7 | O78: 吨 | P78: =IF(O78="吨",N78*1000,IF(O78="万立方米",N78*10000,"")) -> 223323700 | Q78: kg | R78: raw_amount*1000 | W78: factor not matched | X78: 袋式除尘法 | Y78: ["A1-03-PM25", "A1-12-PM25", "A1-22-PM25"] | Z78: 94.5 | AE78: withhold | AF78: FUEL_UNMAPPED | AG78: CONTROL_RELATION_CATEGORY_LEVEL|COORDINATE_REVIEW_REQUIRED|FACTOR_UNMATCHED|FUEL_UNMAPPED|MULTI_PROCESS_MAX_DEFAULT | AH78: p. | AI78: /Users/wushuo/Desktop/环境学院论文/固定燃烧源清单经验缺失处置实验/实验结果/02_实验A_端到端清单编制/02_火电热力/01_Full完整方法/R1/inputs/基102-2002_原始结构脱敏输入.xlsx | AJ78: Sheet1 | AK78: 1796
A79: ITEM-FUEL-SRC-RAW-02F1AE3DC01E0E3EA7CE-fuel_1-SO2 | B79: SRC-RAW-02F1AE3DC01E0E3EA7CE | C79: POWER | D79: ENT-2D5DCA2B3D88 | E79: 汕头市 | F79: 4417 | G79: 燃生物质锅炉 | H79: DA003 | I79: fuel_1 | J79: 城市生活垃圾（用于燃料） | L79: 不分技术 | M79: SO2 | N79: 223323.7 | O79: 吨 | P79: =IF(O79="吨",N79*1000,IF(O79="万立方米",N79*10000,"")) -> 223323700 | Q79: kg | R79: raw_amount*1000 | W79: factor not matched | X79: 石灰石/石膏法 | Y79: ["A1-03-SO2"] | Z79: 80 | AE79: withhold | AF79: FUEL_UNMAPPED | AG79: CONTROL_RELATION_CATEGORY_LEVEL|COORDINATE_REVIEW_REQUIRED|FACTOR_UNMATCHED|FUEL_UNMAPPED | AH79: p. | AI79: /Users/wushuo/Desktop/环境学院论文/固定燃烧源清单经验缺失处置实验/实验结果/02_实验A_端到端清单编制/02_火电热力/01_Full完整方法/R1/inputs/基102-2002_原始结构脱敏输入.xlsx | AJ79: Sheet1 | AK79: 1796
A80: ITEM-FUEL-SRC-RAW-02F1AE3DC01E0E3EA7CE-fuel_1-VOCS | B80: SRC-RAW-02F1AE3DC01E0E3EA7CE | C80: POWER | D80: ENT-2D5DCA2B3D88 | E80: 汕头市 | F80: 4417 | G80: 燃生物质锅炉 | H80: DA003 | I80: fuel_1 | J80: 城市生活垃圾（用于燃料） | L80: 不分技术 | M80: VOCS | N80: 223323.7 | O80: 吨 | P80: =IF(O80="吨",N80*1000,IF(O80="万立方米",N80*10000,"")) -> 223323700 | Q80: kg | R80: raw_amount*1000 | W80: factor not matched | Y80: [] | Z80: 0 | AE80: withhold | AF80: FUEL_UNMAPPED | AG80: CONTROL_RELATION_CATEGORY_LEVEL|COORDINATE_REVIEW_REQUIRED|FACTOR_UNMATCHED|FUEL_UNMAPPED|NO_APPLICABLE_CONTROL_ZERO | AH80: p. | AI80: /Users/wushuo/Desktop/环境学院论文/固定燃烧源清单经验缺失处置实验/实验结果/02_实验A_端到端清单编制/02_火电热力/01_Full完整方法/R1/inputs/基102-2002_原始结构脱敏输入.xlsx | AJ80: Sheet1 | AK80: 1796
A81: ITEM-SRC-RAW-02F1AE3DC01E0E3EA7CE-NH3-SLIP | B81: SRC-RAW-02F1AE3DC01E0E3EA7CE | C81: POWER | D81: ENT-2D5DCA2B3D88 | E81: 汕头市 | F81: 4417 | G81: 燃生物质锅炉 | H81: DA003 | K81: 煤炭 | L81: 脱硝烟气-选择性非催化还原 | M81: NH3 | Q81: kg_coal | R81: SUM(适用煤炭活动水平kg) | S81: E1-SNCR-NH3 | T81: constant_sum | U81: =0.17 -> 0.17 | V81: g/kg煤 | W81: E1-SNCR-NH3 | X81: 脱硝烟气-选择性非催化还原 | Y81: ["E1-SNCR-NH3"] | Z81: 0 | AE81: withhold | AF81: NH3_FACTOR_SCOPE_MISMATCH | AG81: CONTROL_RELATION_CATEGORY_LEVEL|COORDINATE_REVIEW_REQUIRED|NH3_FACTOR_REQUIRES_COAL_ACTIVITY | AH81: 附录E 表E.1 p.50 | AI81: /Users/wushuo/Desktop/环境学院论文/固定燃烧源清单经验缺失处置实验/实验结果/02_实验A_端到端清单编制/02_火电热力/01_Full完整方法/R1/inputs/基102-2002_原始结构脱敏输入.xlsx | AJ81: Sheet1 | AK81: 1796
A82: ITEM-FUEL-SRC-RAW-031B3589BCDCF633B0EA-fuel_1-BC | B82: SRC-RAW-031B3589BCDCF633B0EA | C82: POWER | D82: ENT-99B21D210819 | E82: 韶关市 | F82: 4411 | G82: 燃煤锅炉 | H82: DA002 | I82: fuel_1 | J82: 一般烟煤 | K82: 煤炭 | L82: 煤粉炉 | M82: BC | N82: 688652 | O82: 吨 | P82: =IF(O82="吨",N82*1000,IF(O82="万立方米",N82*10000,"")) -> 688652000 | Q82: kg | R82: raw_amount*1000 | S82: D-EP-COAL-PF-BC | T82: coal_particle_balance | U82: =0.017676 -> 0.017676 | V82: g/kg燃料 | W82: 10*Aar*(1-ar)*fPM25*fBC | X82: 电袋复合除尘法 | Y82: ["A1-03-BC", "A1-13-BC", "A1-23-BC"] | Z82: 96 | AC82: =P82*U82/1000000 -> 12.172613 | AD82: =AC82*(1-Z82/100) -> 0.48690451 | AE82: allow_calculation | AF82: RULE_CHAIN_COMPLETE | AG82: CONTROL_RELATION_CATEGORY_LEVEL|MULTI_PROCESS_MAX_DEFAULT | AH82: 附录D 表D.1 p.43 | AI82: /Users/wushuo/Desktop/环境学院论文/固定燃烧源清单经验缺失处置实验/实验结果/02_实验A_端到端清单编制/02_火电热力/01_Full完整方法/R1/inputs/基102-2002_原始结构脱敏输入.xlsx | AJ82: Sheet1 | AK82: 845
A83: ITEM-FUEL-SRC-RAW-031B3589BCDCF633B0EA-fuel_1-CO | B83: SRC-RAW-031B3589BCDCF633B0EA | C83: POWER | D83: ENT-99B21D210819 | E83: 韶关市 | F83: 4411 | G83: 燃煤锅炉 | H83: DA002 | I83: fuel_1 | J83: 一般烟煤 | K83: 煤炭 | L83: 煤粉炉 | M83: CO | N83: 688652 | O83: 吨 | P83: =IF(O83="吨",N83*1000,IF(O83="万立方米",N83*10000,"")) -> 688652000 | Q83: kg | R83: raw_amount*1000 | S83: D-EP-COAL-PF-CO | T83: constant | U83: =2.0 -> 2 | V83: g/kg燃料 | W83: constant parameter | Y83: [] | Z83: 0 | AC83: =P83*U83/1000000 -> 1377.304 | AD83: =AC83*(1-Z83/100) -> 1377.304 | AE83: allow_calculation | AF83: RULE_CHAIN_COMPLETE | AG83: CONTROL_RELATION_CATEGORY_LEVEL|NO_APPLICABLE_CONTROL_ZERO | AH83: 附录D 表D.1 p.43 | AI83: /Users/wushuo/Desktop/环境学院论文/固定燃烧源清单经验缺失处置实验/实验结果/02_实验A_端到端清单编制/02_火电热力/01_Full完整方法/R1/inputs/基102-2002_原始结构脱敏输入.xlsx | AJ83: Sheet1 | AK83: 845
A84: ITEM-FUEL-SRC-RAW-031B3589BCDCF633B0EA-fuel_1-NOX | B84: SRC-RAW-031B3589BCDCF633B0EA | C84: POWER | D84: ENT-99B21D210819 | E84: 韶关市 | F84: 4411 | G84: 燃煤锅炉 | H84: DA002 | I84: fuel_1 | J84: 一般烟煤 | K84: 煤炭 | L84: 煤粉炉 | M84: NOX | N84: 688652 | O84: 吨 | P84: =IF(O84="吨",N84*1000,IF(O84="万立方米",N84*10000,"")) -> 688652000 | Q84: kg | R84: raw_amount*1000 | S84: D-EP-COAL-PF-NOX | T84: capacity_lookup | U84: =7.21 -> 7.21 | V84: g/kg燃料 | W84: capacity band | X84: 低氮燃烧技术+选择性催化还原法 | Y84: ["A1-15-NOX"] | Z84: 64 | AC84: =P84*U84/1000000 -> 4965.1809 | AD84: =AC84*(1-Z84/100) -> 1787.4651 | AE84: allow_calculation | AF84: RULE_CHAIN_COMPLETE | AG84: CONTROL_RELATION_CATEGORY_LEVEL | AH84: 附录D 表D.1 p.43 | AI84: /Users/wushuo/Desktop/环境学院论文/固定燃烧源清单经验缺失处置实验/实验结果/02_实验A_端到端清单编制/02_火电热力/01_Full完整方法/R1/inputs/基102-2002_原始结构脱敏输入.xlsx | AJ84: Sheet1 | AK84: 845
A85: ITEM-FUEL-SRC-RAW-031B3589BCDCF633B0EA-fuel_1-OC | B85: SRC-RAW-031B3589BCDCF633B0EA | C85: POWER | D85: ENT-99B21D210819 | E85: 韶关市 | F85: 4411 | G85: 燃煤锅炉 | H85: DA002 | I85: fuel_1 | J85: 一般烟煤 | K85: 煤炭 | L85: 煤粉炉 | M85: OC | N85: 688652 | O85: 吨 | P85: =IF(O85="吨",N85*1000,IF(O85="万立方米",N85*10000,"")) -> 688652000 | Q85: kg | R85: raw_amount*1000 | S85: D-EP-COAL-PF-OC | T85: coal_particle_balance | U85: =0.0 -> 0 | V85: g/kg燃料 | W85: 10*Aar*(1-ar)*fPM25*fOC | X85: 电袋复合除尘法 | Y85: ["A1-03-OC", "A1-13-OC", "A1-23-OC"] | Z85: 96 | AC85: =P85*U85/1000000 -> 0 | AD85: =AC85*(1-Z85/100) -> 0 | AE85: allow_calculation | AF85: RULE_CHAIN_COMPLETE | AG85: CONTROL_RELATION_CATEGORY_LEVEL|MULTI_PROCESS_MAX_DEFAULT | AH85: 附录D 表D.1 p.43 | AI85: /Users/wushuo/Desktop/环境学院论文/固定燃烧源清单经验缺失处置实验/实验结果/02_实验A_端到端清单编制/02_火电热力/01_Full完整方法/R1/inputs/基102-2002_原始结构脱敏输入.xlsx | AJ85: Sheet1 | AK85: 845
A86: ITEM-FUEL-SRC-RAW-031B3589BCDCF633B0EA-fuel_1-PM10 | B86: SRC-RAW-031B3589BCDCF633B0EA | C86: POWER | D86: ENT-99B21D210819 | E86: 韶关市 | F86: 4411 | G86: 燃煤锅炉 | H86: DA002 | I86: fuel_1 | J86: 一般烟煤 | K86: 煤炭 | L86: 煤粉炉 | M86: PM10 | N86: 688652 | O86: 吨 | P86: =IF(O86="吨",N86*1000,IF(O86="万立方米",N86*10000,"")) -> 688652000 | Q86: kg | R86: raw_amount*1000 | S86: D-EP-COAL-PF-PM10 | T86: coal_particle_balance | U86: =33.879000000000005 -> 33.879 | V86: g/kg燃料 | W86: 10*Aar*(1-ar)*fPM10 | X86: 电袋复合除尘法 | Y86: ["A1-03-PM25", "A1-03-PM25_10", "A1-13-PM25", "A1-13-PM25_10", "A1-23-PM25", "A1-23-PM25_10"] | Z86: 99 | AA86: 96 | AB86: 99 | AC86: =P86*U86/1000000 -> 23330.841 | AD86: =AC87*(1-AA86/100)+(AC86-AC87)*(1-AB86/100) -> 415.8976 | AE86: allow_calculation | AF86: RULE_CHAIN_COMPLETE | AG86: CONTROL_RELATION_CATEGORY_LEVEL|MULTI_PROCESS_MAX_DEFAULT | AH86: 附录D 表D.1 p.43 | AI86: /Users/wushuo/Desktop/环境学院论文/固定燃烧源清单经验缺失处置实验/实验结果/02_实验A_端到端清单编制/02_火电热力/01_Full完整方法/R1/inputs/基102-2002_原始结构脱敏输入.xlsx | AJ86: Sheet1 | AK86: 845
A87: ITEM-FUEL-SRC-RAW-031B3589BCDCF633B0EA-fuel_1-PM25 | B87: SRC-RAW-031B3589BCDCF633B0EA | C87: POWER | D87: ENT-99B21D210819 | E87: 韶关市 | F87: 4411 | G87: 燃煤锅炉 | H87: DA002 | I87: fuel_1 | J87: 一般烟煤 | K87: 煤炭 | L87: 煤粉炉 | M87: PM25 | N87: 688652 | O87: 吨 | P87: =IF(O87="吨",N87*1000,IF(O87="万立方米",N87*10000,"")) -> 688652000 | Q87: kg | R87: raw_amount*1000 | S87: D-EP-COAL-PF-PM25 | T87: coal_particle_balance | U87: =8.838000000000001 -> 8.838 | V87: g/kg燃料 | W87: 10*Aar*(1-ar)*fPM25 | X87: 电袋复合除尘法 | Y87: ["A1-03-PM25", "A1-13-PM25", "A1-23-PM25"] | Z87: 96 | AC87: =P87*U87/1000000 -> 6086.3064 | AD87: =AC87*(1-Z87/100) -> 243.45226 | AE87: allow_calculation | AF87: RULE_CHAIN_COMPLETE | AG87: CONTROL_RELATION_CATEGORY_LEVEL|MULTI_PROCESS_MAX_DEFAULT | AH87: 附录D 表D.1 p.43 | AI87: /Users/wushuo/Desktop/环境学院论文/固定燃烧源清单经验缺失处置实验/实验结果/02_实验A_端到端清单编制/02_火电热力/01_Full完整方法/R1/inputs/基102-2002_原始结构脱敏输入.xlsx | AJ87: Sheet1 | AK87: 845
A88: ITEM-FUEL-SRC-RAW-031B3589BCDCF633B0EA-fuel_1-SO2 | B88: SRC-RAW-031B3589BCDCF633B0EA | C88: POWER | D88: ENT-99B21D210819 | E88: 韶关市 | F88: 4411 | G88: 燃煤锅炉 | H88: DA002 | I88: fuel_1 | J88: 一般烟煤 | K88: 煤炭 | L88: 煤粉炉 | M88: SO2 | N88: 688652 | O88: 吨 | P88: =IF(O88="吨",N88*1000,IF(O88="万立方米",N88*10000,"")) -> 688652000 | Q88: kg | R88: raw_amount*1000 | S88: D-EP-COAL-PF-SO2 | T88: coal_sulfur_balance | U88: =14.109999999999998 -> 14.11 | V88: g/kg燃料 | W88: 20*S_percent*(1-sr) | X88: 石灰石/石膏法 | Y88: ["A1-03-SO2"] | Z88: 80 | AC88: =P88*U88/1000000 -> 9716.8797 | AD88: =AC88*(1-Z88/100) -> 1943.3759 | AE88: allow_calculation | AF88: RULE_CHAIN_COMPLETE | AG88: CONTROL_RELATION_CATEGORY_LEVEL | AH88: 附录D 表D.1 p.43 | AI88: /Users/wushuo/Desktop/环境学院论文/固定燃烧源清单经验缺失处置实验/实验结果/02_实验A_端到端清单编制/02_火电热力/01_Full完整方法/R1/inputs/基102-2002_原始结构脱敏输入.xlsx | AJ88: Sheet1 | AK88: 845
A89: ITEM-FUEL-SRC-RAW-031B3589BCDCF633B0EA-fuel_1-VOCS | B89: SRC-RAW-031B3589BCDCF633B0EA | C89: POWER | D89: ENT-99B21D210819 | E89: 韶关市 | F89: 4411 | G89: 燃煤锅炉 | H89: DA002 | I89: fuel_1 | J89: 一般烟煤 | K89: 煤炭 | L89: 煤粉炉 | M89: VOCS | N89: 688652 | O89: 吨 | P89: =IF(O89="吨",N89*1000,IF(O89="万立方米",N89*10000,"")) -> 688652000 | Q89: kg | R89: raw_amount*1000 | S89: D-EP-COAL-PF-VOCS | T89: constant | U89: =0.04 -> 0.04 | V89: g/kg燃料 | W89: constant parameter | Y89: [] | Z89: 0 | AC89: =P89*U89/1000000 -> 27.54608 | AD89: =AC89*(1-Z89/100) -> 27.54608 | AE89: allow_calculation | AF89: RULE_CHAIN_COMPLETE | AG89: CONTROL_RELATION_CATEGORY_LEVEL|NO_APPLICABLE_CONTROL_ZERO | AH89: 附录D 表D.1 p.43 | AI89: /Users/wushuo/Desktop/环境学院论文/固定燃烧源清单经验缺失处置实验/实验结果/02_实验A_端到端清单编制/02_火电热力/01_Full完整方法/R1/inputs/基102-2002_原始结构脱敏输入.xlsx | AJ89: Sheet1 | AK89: 845
A90: ITEM-SRC-RAW-031B3589BCDCF633B0EA-NH3-SLIP | B90: SRC-RAW-031B3589BCDCF633B0EA | C90: POWER | D90: ENT-99B21D210819 | E90: 韶关市 | F90: 4411 | G90: 燃煤锅炉 | H90: DA002 | K90: 煤炭 | L90: 脱硝烟气-选择性催化还原 | M90: NH3 | P90: =IF(O90="吨",N90*1000,IF(O90="万立方米",N90*10000,"")) -> 688652000 | Q90: kg_coal | R90: SUM(适用煤炭活动水平kg) | S90: E1-SCR-NH3 | T90: constant_sum | U90: =0.16 -> 0.16 | V90: g/kg煤 | W90: E1-SCR-NH3 | X90: 脱硝烟气-选择性催化还原 | Y90: ["E1-SCR-NH3"] | Z90: 0 | AC90: =P90*U90/1000000 -> 110.18432 | AD90: =AC90*(1-Z90/100) -> 110.18432 | AE90: allow_calculation | AF90: RULE_CHAIN_COMPLETE | AG90: CONTROL_RELATION_CATEGORY_LEVEL | AH90: 附录E 表E.1 p.50 | AI90: /Users/wushuo/Desktop/环境学院论文/固定燃烧源清单经验缺失处置实验/实验结果/02_实验A_端到端清单编制/02_火电热力/01_Full完整方法/R1/inputs/基102-2002_原始结构脱敏输入.xlsx | AJ90: Sheet1 | AK90: 845
A91: ITEM-FUEL-SRC-RAW-034EA11B7545A4E80FF5-fuel_1-BC | B91: SRC-RAW-034EA11B7545A4E80FF5 | C91: POWER | D91: ENT-16086C6FA96F | E91: 珠海市 | F91: 4411 | G91: 燃煤锅炉 | H91: DA002 | I91: fuel_1 | J91: 原煤 | K91: 煤炭 | L91: 煤粉炉 | M91: BC | N91: 1492517 | O91: 吨 | P91: =IF(O91="吨",N91*1000,IF(O91="万立方米",N91*10000,"")) -> 1492517000 | Q91: kg | R91: raw_amount*1000 | S91: D-EP-COAL-PF-BC | T91: coal_particle_balance | U91: =0.013482000000000001 -> 0.013482 | V91: g/kg燃料 | W91: 10*Aar*(1-ar)*fPM25*fBC | X91: 高效静电除尘法 | Y91: ["A1-03-BC", "A1-13-BC", "A1-21-BC", "A1-20-BC"] | Z91: 96 | AC91: =P91*U91/1000000 -> 20.122114 | AD91: =AC91*(1-Z91/100) -> 0.80488457 | AE91: allow_calculation | AF91: RULE_CHAIN_COMPLETE | AG91: CONTROL_RELATION_CATEGORY_LEVEL|MULTI_PROCESS_MAX_DEFAULT | AH91: 附录D 表D.1 p.43 | AI91: /Users/wushuo/Desktop/环境学院论文/固定燃烧源清单经验缺失处置实验/实验结果/02_实验A_端到端清单编制/02_火电热力/01_Full完整方法/R1/inputs/基102-2002_原始结构脱敏输入.xlsx | AJ91: Sheet1 | AK91: 1602
A92: ITEM-FUEL-SRC-RAW-034EA11B7545A4E80FF5-fuel_1-CO | B92: SRC-RAW-034EA11B7545A4E80FF5 | C92: POWER | D92: ENT-16086C6FA96F | E92: 珠海市 | F92: 4411 | G92: 燃煤锅炉 | H92: DA002 | I92: fuel_1 | J92: 原煤 | K92: 煤炭 | L92: 煤粉炉 | M92: CO | N92: 1492517 | O92: 吨 | P92: =IF(O92="吨",N92*1000,IF(O92="万立方米",N92*10000,"")) -> 1492517000 | Q92: kg | R92: raw_amount*1000 | S92: D-EP-COAL-PF-CO | T92: constant | U92: =2.0 -> 2 | V92: g/kg燃料 | W92: constant parameter | Y92: [] | Z92: 0 | AC92: =P92*U92/1000000 -> 2985.034 | AD92: =AC92*(1-Z92/100) -> 2985.034 | AE92: allow_calculation | AF92: RULE_CHAIN_COMPLETE | AG92: CONTROL_RELATION_CATEGORY_LEVEL|NO_APPLICABLE_CONTROL_ZERO | AH92: 附录D 表D.1 p.43 | AI92: /Users/wushuo/Desktop/环境学院论文/固定燃烧源清单经验缺失处置实验/实验结果/02_实验A_端到端清单编制/02_火电热力/01_Full完整方法/R1/inputs/基102-2002_原始结构脱敏输入.xlsx | AJ92: Sheet1 | AK92: 1602
A93: ITEM-FUEL-SRC-RAW-034EA11B7545A4E80FF5-fuel_1-NOX | B93: SRC-RAW-034EA11B7545A4E80FF5 | C93: POWER | D93: ENT-16086C6FA96F | E93: 珠海市 | F93: 4411 | G93: 燃煤锅炉 | H93: DA002 | I93: fuel_1 | J93: 原煤 | K93: 煤炭 | L93: 煤粉炉 | M93: NOX | N93: 1492517 | O93: 吨 | P93: =IF(O93="吨",N93*1000,IF(O93="万立方米",N93*10000,"")) -> 1492517000 | Q93: kg | R93: raw_amount*1000 | S93: D-EP-COAL-PF-NOX | T93: capacity_lookup | U93: =7.21 -> 7.21 | V93: g/kg燃料 | W93: capacity band | X93: 低氮燃烧技术+选择性催化还原法 | Y93: ["A1-15-NOX"] | Z93: 64 | AC93: =P93*U93/1000000 -> 10761.048 | AD93: =AC93*(1-Z93/100) -> 3873.9771 | AE93: allow_calculation | AF93: RULE_CHAIN_COMPLETE | AG93: CONTROL_RELATION_CATEGORY_LEVEL | AH93: 附录D 表D.1 p.43 | AI93: /Users/wushuo/Desktop/环境学院论文/固定燃烧源清单经验缺失处置实验/实验结果/02_实验A_端到端清单编制/02_火电热力/01_Full完整方法/R1/inputs/基102-2002_原始结构脱敏输入.xlsx | AJ93: Sheet1 | AK93: 1602
A94: ITEM-FUEL-SRC-RAW-034EA11B7545A4E80FF5-fuel_1-OC | B94: SRC-RAW-034EA11B7545A4E80FF5 | C94: POWER | D94: ENT-16086C6FA96F | E94: 珠海市 | F94: 4411 | G94: 燃煤锅炉 | H94: DA002 | I94: fuel_1 | J94: 原煤 | K94: 煤炭 | L94: 煤粉炉 | M94: OC | N94: 1492517 | O94: 吨 | P94: =IF(O94="吨",N94*1000,IF(O94="万立方米",N94*10000,"")) -> 1492517000 | Q94: kg | R94: raw_amount*1000 | S94: D-EP-COAL-PF-OC | T94: coal_particle_balance | U94: =0.0 -> 0 | V94: g/kg燃料 | W94: 10*Aar*(1-ar)*fPM25*fOC | X94: 高效静电除尘法 | Y94: ["A1-03-OC", "A1-13-OC", "A1-21-OC", "A1-20-OC"] | Z94: 96 | AC94: =P94*U94/1000000 -> 0 | AD94: =AC94*(1-Z94/100) -> 0 | AE94: allow_calculation | AF94: RULE_CHAIN_COMPLETE | AG94: CONTROL_RELATION_CATEGORY_LEVEL|MULTI_PROCESS_MAX_DEFAULT | AH94: 附录D 表D.1 p.43 | AI94: /Users/wushuo/Desktop/环境学院论文/固定燃烧源清单经验缺失处置实验/实验结果/02_实验A_端到端清单编制/02_火电热力/01_Full完整方法/R1/inputs/基102-2002_原始结构脱敏输入.xlsx | AJ94: Sheet1 | AK94: 1602
A95: ITEM-FUEL-SRC-RAW-034EA11B7545A4E80FF5-fuel_1-PM10 | B95: SRC-RAW-034EA11B7545A4E80FF5 | C95: POWER | D95: ENT-16086C6FA96F | E95: 珠海市 | F95: 4411 | G95: 燃煤锅炉 | H95: DA002 | I95: fuel_1 | J95: 原煤 | K95: 煤炭 | L95: 煤粉炉 | M95: PM10 | N95: 1492517 | O95: 吨 | P95: =IF(O95="吨",N95*1000,IF(O95="万立方米",N95*10000,"")) -> 1492517000 | Q95: kg | R95: raw_amount*1000 | S95: D-EP-COAL-PF-PM10 | T95: coal_particle_balance | U95: =25.840500000000002 -> 25.8405 | V95: g/kg燃料 | W95: 10*Aar*(1-ar)*fPM10 | X95: 高效静电除尘法 | Y95: ["A1-03-PM25", "A1-03-PM25_10", "A1-13-PM25", "A1-13-PM25_10", "A1-20-PM25", "A1-20-PM25_10", "A1-21-PM25", "A1-21-PM25_10"] | Z95: 99 | AA95: 96 | AB95: 99 | AC95: =P95*U95/1000000 -> 38567.386 | AD95: =AC96*(1-AA95/100)+(AC95-AC96)*(1-AB95/100) -> 687.50557 | AE95: allow_calculation | AF95: RULE_CHAIN_COMPLETE | AG95: CONTROL_RELATION_CATEGORY_LEVEL|MULTI_PROCESS_MAX_DEFAULT | AH95: 附录D 表D.1 p.43 | AI95: /Users/wushuo/Desktop/环境学院论文/固定燃烧源清单经验缺失处置实验/实验结果/02_实验A_端到端清单编制/02_火电热力/01_Full完整方法/R1/inputs/基102-2002_原始结构脱敏输入.xlsx | AJ95: Sheet1 | AK95: 1602
A96: ITEM-FUEL-SRC-RAW-034EA11B7545A4E80FF5-fuel_1-PM25 | B96: SRC-RAW-034EA11B7545A4E80FF5 | C96: POWER | D96: ENT-16086C6FA96F | E96: 珠海市 | F96: 4411 | G96: 燃煤锅炉 | H96: DA002 | I96: fuel_1 | J96: 原煤 | K96: 煤炭 | L96: 煤粉炉 | M96: PM25 | N96: 1492517 | O96: 吨 | P96: =IF(O96="吨",N96*1000,IF(O96="万立方米",N96*10000,"")) -> 1492517000 | Q96: kg | R96: raw_amount*1000 | S96: D-EP-COAL-PF-PM25 | T96: coal_particle_balance | U96: =6.7410000000000005 -> 6.741 | V96: g/kg燃料 | W96: 10*Aar*(1-ar)*fPM25 | X96: 高效静电除尘法 | Y96: ["A1-03-PM25", "A1-13-PM25", "A1-21-PM25", "A1-20-PM25"] | Z96: 96 | AC96: =P96*U96/1000000 -> 10061.057 | AD96: =AC96*(1-Z96/100) -> 402.44228 | AE96: allow_calculation | AF96: RULE_CHAIN_COMPLETE | AG96: CONTROL_RELATION_CATEGORY_LEVEL|MULTI_PROCESS_MAX_DEFAULT | AH96: 附录D 表D.1 p.43 | AI96: /Users/wushuo/Desktop/环境学院论文/固定燃烧源清单经验缺失处置实验/实验结果/02_实验A_端到端清单编制/02_火电热力/01_Full完整方法/R1/inputs/基102-2002_原始结构脱敏输入.xlsx | AJ96: Sheet1 | AK96: 1602
A97: ITEM-FUEL-SRC-RAW-034EA11B7545A4E80FF5-fuel_1-SO2 | B97: SRC-RAW-034EA11B7545A4E80FF5 | C97: POWER | D97: ENT-16086C6FA96F | E97: 珠海市 | F97: 4411 | G97: 燃煤锅炉 | H97: DA002 | I97: fuel_1 | J97: 原煤 | K97: 煤炭 | L97: 煤粉炉 | M97: SO2 | N97: 1492517 | O97: 吨 | P97: =IF(O97="吨",N97*1000,IF(O97="万立方米",N97*10000,"")) -> 1492517000 | Q97: kg | R97: raw_amount*1000 | S97: D-EP-COAL-PF-SO2 | T97: coal_sulfur_balance | U97: =10.37 -> 10.37 | V97: g/kg燃料 | W97: 20*S_percent*(1-sr) | X97: 石灰石/石膏法 | Y97: ["A1-03-SO2"] | Z97: 80 | AC97: =P97*U97/1000000 -> 15477.401 | AD97: =AC97*(1-Z97/100) -> 3095.4803 | AE97: allow_calculation | AF97: RULE_CHAIN_COMPLETE | AG97: CONTROL_RELATION_CATEGORY_LEVEL | AH97: 附录D 表D.1 p.43 | AI97: /Users/wushuo/Desktop/环境学院论文/固定燃烧源清单经验缺失处置实验/实验结果/02_实验A_端到端清单编制/02_火电热力/01_Full完整方法/R1/inputs/基102-2002_原始结构脱敏输入.xlsx | AJ97: Sheet1 | AK97: 1602
A98: ITEM-FUEL-SRC-RAW-034EA11B7545A4E80FF5-fuel_1-VOCS | B98: SRC-RAW-034EA11B7545A4E80FF5 | C98: POWER | D98: ENT-16086C6FA96F | E98: 珠海市 | F98: 4411 | G98: 燃煤锅炉 | H98: DA002 | I98: fuel_1 | J98: 原煤 | K98: 煤炭 | L98: 煤粉炉 | M98: VOCS | N98: 1492517 | O98: 吨 | P98: =IF(O98="吨",N98*1000,IF(O98="万立方米",N98*10000,"")) -> 1492517000 | Q98: kg | R98: raw_amount*1000 | S98: D-EP-COAL-PF-VOCS | T98: constant | U98: =0.04 -> 0.04 | V98: g/kg燃料 | W98: constant parameter | Y98: [] | Z98: 0 | AC98: =P98*U98/1000000 -> 59.70068 | AD98: =AC98*(1-Z98/100) -> 59.70068 | AE98: allow_calculation | AF98: RULE_CHAIN_COMPLETE | AG98: CONTROL_RELATION_CATEGORY_LEVEL|NO_APPLICABLE_CONTROL_ZERO | AH98: 附录D 表D.1 p.43 | AI98: /Users/wushuo/Desktop/环境学院论文/固定燃烧源清单经验缺失处置实验/实验结果/02_实验A_端到端清单编制/02_火电热力/01_Full完整方法/R1/inputs/基102-2002_原始结构脱敏输入.xlsx | AJ98: Sheet1 | AK98: 1602
A99: ITEM-FUEL-SRC-RAW-034EA11B7545A4E80FF5-fuel_2-BC | B99: SRC-RAW-034EA11B7545A4E80FF5 | C99: POWER | D99: ENT-16086C6FA96F | E99: 珠海市 | F99: 4411 | G99: 燃煤锅炉 | H99: DA002 | I99: fuel_2 | J99: 柴油 | K99: 柴油 | L99: 燃油锅炉 | M99: BC | N99: 5.913 | O99: 吨 | P99: =IF(O99="吨",N99*1000,IF(O99="万立方米",N99*10000,"")) -> 5913 | Q99: kg | R99: raw_amount*1000 | S99: D-EP-DIESEL-OILBOILER-BC | T99: constant | U99: =0.01 -> 0.01 | V99: g/kg燃料 | W99: constant parameter | X99: 高效静电除尘法 | Y99: ["A1-03-BC", "A1-13-BC", "A1-21-BC", "A1-20-BC"] | Z99: 96 | AC99: =P99*U99/1000000 -> 5.913e-05 | AD99: =AC99*(1-Z99/100) -> 2.3652e-06 | AE99: allow_calculation | AF99: RULE_CHAIN_COMPLETE | AG99: CONTROL_RELATION_CATEGORY_LEVEL|MULTI_PROCESS_MAX_DEFAULT | AH99: 附录D 表D.1 p.43 | AI99: /Users/wushuo/Desktop/环境学院论文/固定燃烧源清单经验缺失处置实验/实验结果/02_实验A_端到端清单编制/02_火电热力/01_Full完整方法/R1/inputs/基102-2002_原始结构脱敏输入.xlsx | AJ99: Sheet1 | AK99: 1602
A100: ITEM-FUEL-SRC-RAW-034EA11B7545A4E80FF5-fuel_2-CO | B100: SRC-RAW-034EA11B7545A4E80FF5 | C100: POWER | D100: ENT-16086C6FA96F | E100: 珠海市 | F100: 4411 | G100: 燃煤锅炉 | H100: DA002 | I100: fuel_2 | J100: 柴油 | K100: 柴油 | L100: 燃油锅炉 | M100: CO | N100: 5.913 | O100: 吨 | P100: =IF(O100="吨",N100*1000,IF(O100="万立方米",N100*10000,"")) -> 5913 | Q100: kg | R100: raw_amount*1000 | S100: D-EP-DIESEL-OILBOILER-CO | T100: constant | U100: =0.6 -> 0.6 | V100: g/kg燃料 | W100: constant parameter | Y100: [] | Z100: 0 | AC100: =P100*U100/1000000 -> 0.0035478 | AD100: =AC100*(1-Z100/100) -> 0.0035478 | AE100: allow_calculation | AF100: RULE_CHAIN_COMPLETE | AG100: CONTROL_RELATION_CATEGORY_LEVEL|NO_APPLICABLE_CONTROL_ZERO | AH100: 附录D 表D.1 p.43 | AI100: /Users/wushuo/Desktop/环境学院论文/固定燃烧源清单经验缺失处置实验/实验结果/02_实验A_端到端清单编制/02_火电热力/01_Full完整方法/R1/inputs/基102-2002_原始结构脱敏输入.xlsx | AJ100: Sheet1 | AK100: 1602
...

Sheet 03_源结果
A1: 源ID | B1: 企业 | C1: 地市 | D1: 行业代码 | E1: 设备类型 | F1: 排放口 | G1: SO2_产生量(t) | H1: NOX_产生量(t) | I1: CO_产生量(t) | J1: VOCS_产生量(t) | K1: PM10_产生量(t) | L1: PM25_产生量(t) | M1: BC_产生量(t) | N1: OC_产生量(t) | O1: NH3_产生量(t) | P1: SO2_排放量(t) | Q1: NOX_排放量(t) | R1: CO_排放量(t) | S1: VOCS_排放量(t) | T1: PM10_排放量(t) | U1: PM25_排放量(t) | V1: BC_排放量(t) | W1: OC_排放量(t) | X1: NH3_排放量(t) | Y1: 异常标志数
A2: SRC-RAW-00533932A04254ABB991 | B2: ENT-E97F77765518 | C2: 阳江市 | D2: 4411 | E2: 燃煤锅炉 | F2: DA001 | G2: =SUMIFS('02_核算项'!$AC$2:$AC$6232,'02_核算项'!$B$2:$B$6232,$A2,'02_核算项'!$M$2:$M$6232,"SO2") -> 9519.419 | H2: =SUMIFS('02_核算项'!$AC$2:$AC$6232,'02_核算项'!$B$2:$B$6232,$A2,'02_核算项'!$M$2:$M$6232,"NOX") -> 5767.648 | I2: =SUMIFS('02_核算项'!$AC$2:$AC$6232,'02_核算项'!$B$2:$B$6232,$A2,'02_核算项'!$M$2:$M$6232,"CO") -> 1599.9024 | J2: =SUMIFS('02_核算项'!$AC$2:$AC$6232,'02_核算项'!$B$2:$B$6232,$A2,'02_核算项'!$M$2:$M$6232,"VOCS") -> 31.998047 | K2: =SUMIFS('02_核算项'!$AC$2:$AC$6232,'02_核算项'!$B$2:$B$6232,$A2,'02_核算项'!$M$2:$M$6232,"PM10") -> 19456.813 | L2: =SUMIFS('02_核算项'!$AC$2:$AC$6232,'02_核算项'!$B$2:$B$6232,$A2,'02_核算项'!$M$2:$M$6232,"PM25") -> 5075.6902 | M2: =SUMIFS('02_核算项'!$AC$2:$AC$6232,'02_核算项'!$B$2:$B$6232,$A2,'02_核算项'!$M$2:$M$6232,"BC") -> 10.15138 | N2: =SUMIFS('02_核算项'!$AC$2:$AC$6232,'02_核算项'!$B$2:$B$6232,$A2,'02_核算项'!$M$2:$M$6232,"OC") -> 0 | O2: =SUMIFS('02_核算项'!$AC$2:$AC$6232,'02_核算项'!$B$2:$B$6232,$A2,'02_核算项'!$M$2:$M$6232,"NH3") -> 0 | P2: =SUMIFS('02_核算项'!$AD$2:$AD$6232,'02_核算项'!$B$2:$B$6232,$A2,'02_核算项'!$M$2:$M$6232,"SO2") -> 9519.419 | Q2: =SUMIFS('02_核算项'!$AD$2:$AD$6232,'02_核算项'!$B$2:$B$6232,$A2,'02_核算项'!$M$2:$M$6232,"NOX") -> 4498.7654 | R2: =SUMIFS('02_核算项'!$AD$2:$AD$6232,'02_核算项'!$B$2:$B$6232,$A2,'02_核算项'!$M$2:$M$6232,"CO") -> 1599.9024 | S2: =SUMIFS('02_核算项'!$AD$2:$AD$6232,'02_核算项'!$B$2:$B$6232,$A2,'02_核算项'!$M$2:$M$6232,"VOCS") -> 31.998047 | T2: =SUMIFS('02_核算项'!$AD$2:$AD$6232,'02_核算项'!$B$2:$B$6232,$A2,'02_核算项'!$M$2:$M$6232,"PM10") -> 19456.813 | U2: =SUMIFS('02_核算项'!$AD$2:$AD$6232,'02_核算项'!$B$2:$B$6232,$A2,'02_核算项'!$M$2:$M$6232,"PM25") -> 5075.6902 | V2: =SUMIFS('02_核算项'!$AD$2:$AD$6232,'02_核算项'!$B$2:$B$6232,$A2,'02_核算项'!$M$2:$M$6232,"BC") -> 10.15138 | W2: =SUMIFS('02_核算项'!$AD$2:$AD$6232,'02_核算项'!$B$2:$B$6232,$A2,'02_核算项'!$M$2:$M$6232,"OC") -> 0 | X2: =SUMIFS('02_核算项'!$AD$2:$AD$6232,'02_核算项'!$B$2:$B$6232,$A2,'02_核算项'!$M$2:$M$6232,"NH3") -> 0 | Y2: 41
A3: SRC-RAW-008874CA96532DE69412 | B3: ENT-B420E4D245A5 | C3: 湛江市 | D3: 4430 | E3: 燃生物质锅炉 | F3: DA001 | G3: =SUMIFS('02_核算项'!$AC$2:$AC$6232,'02_核算项'!$B$2:$B$6232,$A3,'02_核算项'!$M$2:$M$6232,"SO2") -> 0 | H3: =SUMIFS('02_核算项'!$AC$2:$AC$6232,'02_核算项'!$B$2:$B$6232,$A3,'02_核算项'!$M$2:$M$6232,"NOX") -> 0 | I3: =SUMIFS('02_核算项'!$AC$2:$AC$6232,'02_核算项'!$B$2:$B$6232,$A3,'02_核算项'!$M$2:$M$6232,"CO") -> 0 | J3: =SUMIFS('02_核算项'!$AC$2:$AC$6232,'02_核算项'!$B$2:$B$6232,$A3,'02_核算项'!$M$2:$M$6232,"VOCS") -> 0 | K3: =SUMIFS('02_核算项'!$AC$2:$AC$6232,'02_核算项'!$B$2:$B$6232,$A3,'02_核算项'!$M$2:$M$6232,"PM10") -> 0 | L3: =SUMIFS('02_核算项'!$AC$2:$AC$6232,'02_核算项'!$B$2:$B$6232,$A3,'02_核算项'!$M$2:$M$6232,"PM25") -> 0 | M3: =SUMIFS('02_核算项'!$AC$2:$AC$6232,'02_核算项'!$B$2:$B$6232,$A3,'02_核算项'!$M$2:$M$6232,"BC") -> 0 | N3: =SUMIFS('02_核算项'!$AC$2:$AC$6232,'02_核算项'!$B$2:$B$6232,$A3,'02_核算项'!$M$2:$M$6232,"OC") -> 0 | O3: =SUMIFS('02_核算项'!$AC$2:$AC$6232,'02_核算项'!$B$2:$B$6232,$A3,'02_核算项'!$M$2:$M$6232,"NH3") -> 0 | P3: =SUMIFS('02_核算项'!$AD$2:$AD$6232,'02_核算项'!$B$2:$B$6232,$A3,'02_核算项'!$M$2:$M$6232,"SO2") -> 0 | Q3: =SUMIFS('02_核算项'!$AD$2:$AD$6232,'02_核算项'!$B$2:$B$6232,$A3,'02_核算项'!$M$2:$M$6232,"NOX") -> 0 | R3: =SUMIFS('02_核算项'!$AD$2:$AD$6232,'02_核算项'!$B$2:$B$6232,$A3,'02_核算项'!$M$2:$M$6232,"CO") -> 0 | S3: =SUMIFS('02_核算项'!$AD$2:$AD$6232,'02_核算项'!$B$2:$B$6232,$A3,'02_核算项'!$M$2:$M$6232,"VOCS") -> 0 | T3: =SUMIFS('02_核算项'!$AD$2:$AD$6232,'02_核算项'!$B$2:$B$6232,$A3,'02_核算项'!$M$2:$M$6232,"PM10") -> 0 | U3: =SUMIFS('02_核算项'!$AD$2:$AD$6232,'02_核算项'!$B$2:$B$6232,$A3,'02_核算项'!$M$2:$M$6232,"PM25") -> 0 | V3: =SUMIFS('02_核算项'!$AD$2:$AD$6232,'02_核算项'!$B$2:$B$6232,$A3,'02_核算项'!$M$2:$M$6232,"BC") -> 0 | W3: =SUMIFS('02_核算项'!$AD$2:$AD$6232,'02_核算项'!$B$2:$B$6232,$A3,'02_核算项'!$M$2:$M$6232,"OC") -> 0 | X3: =SUMIFS('02_核算项'!$AD$2:$AD$6232,'02_核算项'!$B$2:$B$6232,$A3,'02_核算项'!$M$2:$M$6232,"NH3") -> 0 | Y3: 49
A4: SRC-RAW-00C256E474D31C7B6CE7 | B4: ENT-092298654969 | C4: 湛江市 | D4: 4411 | E4: 燃煤锅炉 | F4: DA002 | G4: =SUMIFS('02_核算项'!$AC$2:$AC$6232,'02_核算项'!$B$2:$B$6232,$A4,'02_核算项'!$M$2:$M$6232,"SO2") -> 9631.5581 | H4: =SUMIFS('02_核算项'!$AC$2:$AC$6232,'02_核算项'!$B$2:$B$6232,$A4,'02_核算项'!$M$2:$M$6232,"NOX") -> 4255.1185 | I4: =SUMIFS('02_核算项'!$AC$2:$AC$6232,'02_核算项'!$B$2:$B$6232,$A4,'02_核算项'!$M$2:$M$6232,"CO") -> 1180.338 | J4: =SUMIFS('02_核算项'!$AC$2:$AC$6232,'02_核算项'!$B$2:$B$6232,$A4,'02_核算项'!$M$2:$M$6232,"VOCS") -> 23.60676 | K4: =SUMIFS('02_核算项'!$AC$2:$AC$6232,'02_核算项'!$B$2:$B$6232,$A4,'02_核算项'!$M$2:$M$6232,"PM10") -> 17805.546 | L4: =SUMIFS('02_核算项'!$AC$2:$AC$6232,'02_核算项'!$B$2:$B$6232,$A4,'02_核算项'!$M$2:$M$6232,"PM25") -> 4644.9251 | M4: =SUMIFS('02_核算项'!$AC$2:$AC$6232,'02_核算项'!$B$2:$B$6232,$A4,'02_核算项'!$M$2:$M$6232,"BC") -> 9.2898502 | N4: =SUMIFS('02_核算项'!$AC$2:$AC$6232,'02_核算项'!$B$2:$B$6232,$A4,'02_核算项'!$M$2:$M$6232,"OC") -> 0 | O4: =SUMIFS('02_核算项'!$AC$2:$AC$6232,'02_核算项'!$B$2:$B$6232,$A4,'02_核算项'!$M$2:$M$6232,"NH3") -> 94.42704 | P4: =SUMIFS('02_核算项'!$AD$2:$AD$6232,'02_核算项'!$B$2:$B$6232,$A4,'02_核算项'!$M$2:$M$6232,"SO2") -> 5778.9348 | Q4: =SUMIFS('02_核算项'!$AD$2:$AD$6232,'02_核算项'!$B$2:$B$6232,$A4,'02_核算项'!$M$2:$M$6232,"NOX") -> 1531.8427 | R4: =SUMIFS('02_核算项'!$AD$2:$AD$6232,'02_核算项'!$B$2:$B$6232,$A4,'02_核算项'!$M$2:$M$6232,"CO") -> 1180.338 | S4: =SUMIFS('02_核算项'!$AD$2:$AD$6232,'02_核算项'!$B$2:$B$6232,$A4,'02_核算项'!$M$2:$M$6232,"VOCS") -> 23.60676 | T4: =SUMIFS('02_核算项'!$AD$2:$AD$6232,'02_核算项'!$B$2:$B$6232,$A4,'02_核算项'!$M$2:$M$6232,"PM10") -> 317.40322 | U4: =SUMIFS('02_核算项'!$AD$2:$AD$6232,'02_核算项'!$B$2:$B$6232,$A4,'02_核算项'!$M$2:$M$6232,"PM25") -> 185.797 | V4: =SUMIFS('02_核算项'!$AD$2:$AD$6232,'02_核算项'!$B$2:$B$6232,$A4,'02_核算项'!$M$2:$M$6232,"BC") -> 0.37159401 | W4: =SUMIFS('02_核算项'!$AD$2:$AD$6232,'02_核算项'!$B$2:$B$6232,$A4,'02_核算项'!$M$2:$M$6232,"OC") -> 0 | X4: =SUMIFS('02_核算项'!$AD$2:$AD$6232,'02_核算项'!$B$2:$B$6232,$A4,'02_核算项'!$M$2:$M$6232,"NH3") -> 94.42704 | Y4: 24
A5: SRC-RAW-0109432DE0E295CD5108 | B5: ENT-8875BA3A892B | C5: 茂名市 | D5: 4411 | E5: 燃煤锅炉 | F5: DA001 | G5: =SUMIFS('02_核算项'!$AC$2:$AC$6232,'02_核算项'!$B$2:$B$6232,$A5,'02_核算项'!$M$2:$M$6232,"SO2") -> 1378.4019 | H5: =SUMIFS('02_核算项'!$AC$2:$AC$6232,'02_核算项'!$B$2:$B$6232,$A5,'02_核算项'!$M$2:$M$6232,"NOX") -> 1796.3188 | I5: =SUMIFS('02_核算项'!$AC$2:$AC$6232,'02_核算项'!$B$2:$B$6232,$A5,'02_核算项'!$M$2:$M$6232,"CO") -> 261.46745 | J5: =SUMIFS('02_核算项'!$AC$2:$AC$6232,'02_核算项'!$B$2:$B$6232,$A5,'02_核算项'!$M$2:$M$6232,"VOCS") -> 2801.7124 | K5: =SUMIFS('02_核算项'!$AC$2:$AC$6232,'02_核算项'!$B$2:$B$6232,$A5,'02_核算项'!$M$2:$M$6232,"PM10") -> 4010.4239 | L5: =SUMIFS('02_核算项'!$AC$2:$AC$6232,'02_核算项'!$B$2:$B$6232,$A5,'02_核算项'!$M$2:$M$6232,"PM25") -> 1003.1994 | M5: =SUMIFS('02_核算项'!$AC$2:$AC$6232,'02_核算项'!$B$2:$B$6232,$A5,'02_核算项'!$M$2:$M$6232,"BC") -> 5.2921902 | N5: =SUMIFS('02_核算项'!$AC$2:$AC$6232,'02_核算项'!$B$2:$B$6232,$A5,'02_核算项'!$M$2:$M$6232,"OC") -> 0.84772738 | O5: =SUMIFS('02_核算项'!$AC$2:$AC$6232,'02_核算项'!$B$2:$B$6232,$A5,'02_核算项'!$M$2:$M$6232,"NH3") -> 0 | P5: =SUMIFS('02_核算项'!$AD$2:$AD$6232,'02_核算项'!$B$2:$B$6232,$A5,'02_核算项'!$M$2:$M$6232,"SO2") -> 827.04115 | Q5: =SUMIFS('02_核算项'!$AD$2:$AD$6232,'02_核算项'!$B$2:$B$6232,$A5,'02_核算项'!$M$2:$M$6232,"NOX") -> 1796.3188 | R5: =SUMIFS('02_核算项'!$AD$2:$AD$6232,'02_核算项'!$B$2:$B$6232,$A5,'02_核算项'!$M$2:$M$6232,"CO") -> 261.46745 | S5: =SUMIFS('02_核算项'!$AD$2:$AD$6232,'02_核算项'!$B$2:$B$6232,$A5,'02_核算项'!$M$2:$M$6232,"VOCS") -> 2801.7124 | T5: =SUMIFS('02_核算项'!$AD$2:$AD$6232,'02_核算项'!$B$2:$B$6232,$A5,'02_核算项'!$M$2:$M$6232,"PM10") -> 130.36845 | U5: =SUMIFS('02_核算项'!$AD$2:$AD$6232,'02_核算项'!$B$2:$B$6232,$A5,'02_核算项'!$M$2:$M$6232,"PM25") -> 70.223959 | V5: =SUMIFS('02_核算项'!$AD$2:$AD$6232,'02_核算项'!$B$2:$B$6232,$A5,'02_核算项'!$M$2:$M$6232,"BC") -> 0.37045331 | W5: =SUMIFS('02_核算项'!$AD$2:$AD$6232,'02_核算项'!$B$2:$B$6232,$A5,'02_核算项'!$M$2:$M$6232,"OC") -> 0.059340917 | X5: =SUMIFS('02_核算项'!$AD$2:$AD$6232,'02_核算项'!$B$2:$B$6232,$A5,'02_核算项'!$M$2:$M$6232,"NH3") -> 0 | Y5: 50
A6: SRC-RAW-017C98E5B9CB826F2F33 | B6: ENT-8B49EFE262D1 | C6: 珠海市 | D6: 4412 | E6: 燃气轮机 | F6: DA001 | G6: =SUMIFS('02_核算项'!$AC$2:$AC$6232,'02_核算项'!$B$2:$B$6232,$A6,'02_核算项'!$M$2:$M$6232,"SO2") -> 0 | H6: =SUMIFS('02_核算项'!$AC$2:$AC$6232,'02_核算项'!$B$2:$B$6232,$A6,'02_核算项'!$M$2:$M$6232,"NOX") -> 454.18656 | I6: =SUMIFS('02_核算项'!$AC$2:$AC$6232,'02_核算项'!$B$2:$B$6232,$A6,'02_核算项'!$M$2:$M$6232,"CO") -> 144.01037 | J6: =SUMIFS('02_核算项'!$AC$2:$AC$6232,'02_核算项'!$B$2:$B$6232,$A6,'02_核算项'!$M$2:$M$6232,"VOCS") -> 2.2155442 | K6: =SUMIFS('02_核算项'!$AC$2:$AC$6232,'02_核算项'!$B$2:$B$6232,$A6,'02_核算项'!$M$2:$M$6232,"PM10") -> 3.3233163 | L6: =SUMIFS('02_核算项'!$AC$2:$AC$6232,'02_核算项'!$B$2:$B$6232,$A6,'02_核算项'!$M$2:$M$6232,"PM25") -> 3.3233163 | M6: =SUMIFS('02_核算项'!$AC$2:$AC$6232,'02_核算项'!$B$2:$B$6232,$A6,'02_核算项'!$M$2:$M$6232,"BC") -> 0 | N6: =SUMIFS('02_核算项'!$AC$2:$AC$6232,'02_核算项'!$B$2:$B$6232,$A6,'02_核算项'!$M$2:$M$6232,"OC") -> 0 | O6: =SUMIFS('02_核算项'!$AC$2:$AC$6232,'02_核算项'!$B$2:$B$6232,$A6,'02_核算项'!$M$2:$M$6232,"NH3") -> 0 | P6: =SUMIFS('02_核算项'!$AD$2:$AD$6232,'02_核算项'!$B$2:$B$6232,$A6,'02_核算项'!$M$2:$M$6232,"SO2") -> 0 | Q6: =SUMIFS('02_核算项'!$AD$2:$AD$6232,'02_核算项'!$B$2:$B$6232,$A6,'02_核算项'!$M$2:$M$6232,"NOX") -> 354.26552 | R6: =SUMIFS('02_核算项'!$AD$2:$AD$6232,'02_核算项'!$B$2:$B$6232,$A6,'02_核算项'!$M$2:$M$6232,"CO") -> 144.01037 | S6: =SUMIFS('02_核算项'!$AD$2:$AD$6232,'02_核算项'!$B$2:$B$6232,$A6,'02_核算项'!$M$2:$M$6232,"VOCS") -> 2.2155442 | T6: =SUMIFS('02_核算项'!$AD$2:$AD$6232,'02_核算项'!$B$2:$B$6232,$A6,'02_核算项'!$M$2:$M$6232,"PM10") -> 3.3233163 | U6: =SUMIFS('02_核算项'!$AD$2:$AD$6232,'02_核算项'!$B$2:$B$6232,$A6,'02_核算项'!$M$2:$M$6232,"PM25") -> 3.3233163 | V6: =SUMIFS('02_核算项'!$AD$2:$AD$6232,'02_核算项'!$B$2:$B$6232,$A6,'02_核算项'!$M$2:$M$6232,"BC") -> 0 | W6: =SUMIFS('02_核算项'!$AD$2:$AD$6232,'02_核算项'!$B$2:$B$6232,$A6,'02_核算项'!$M$2:$M$6232,"OC") -> 0 | X6: =SUMIFS('02_核算项'!$AD$2:$AD$6232,'02_核算项'!$B$2:$B$6232,$A6,'02_核算项'!$M$2:$M$6232,"NH3") -> 0 | Y6: 32
A7: SRC-RAW-0180EDF55F46EA2F4653 | B7: ENT-5B3225588C52 | C7: 中山市 | D7: 4412 | E7: 燃气轮机 | F7: DA002 | G7: =SUMIFS('02_核算项'!$AC$2:$AC$6232,'02_核算项'!$B$2:$B$6232,$A7,'02_核算项'!$M$2:$M$6232,"SO2") -> 0 | H7: =SUMIFS('02_核算项'!$AC$2:$AC$6232,'02_核算项'!$B$2:$B$6232,$A7,'02_核算项'!$M$2:$M$6232,"NOX") -> 1280.1223 | I7: =SUMIFS('02_核算项'!$AC$2:$AC$6232,'02_核算项'!$B$2:$B$6232,$A7,'02_核算项'!$M$2:$M$6232,"CO") -> 405.89245 | J7: =SUMIFS('02_核算项'!$AC$2:$AC$6232,'02_核算项'!$B$2:$B$6232,$A7,'02_核算项'!$M$2:$M$6232,"VOCS") -> 6.2444992 | K7: =SUMIFS('02_核算项'!$AC$2:$AC$6232,'02_核算项'!$B$2:$B$6232,$A7,'02_核算项'!$M$2:$M$6232,"PM10") -> 9.3667488 | L7: =SUMIFS('02_核算项'!$AC$2:$AC$6232,'02_核算项'!$B$2:$B$6232,$A7,'02_核算项'!$M$2:$M$6232,"PM25") -> 9.3667488 | M7: =SUMIFS('02_核算项'!$AC$2:$AC$6232,'02_核算项'!$B$2:$B$6232,$A7,'02_核算项'!$M$2:$M$6232,"BC") -> 0 | N7: =SUMIFS('02_核算项'!$AC$2:$AC$6232,'02_核算项'!$B$2:$B$6232,$A7,'02_核算项'!$M$2:$M$6232,"OC") -> 0 | O7: =SUMIFS('02_核算项'!$AC$2:$AC$6232,'02_核算项'!$B$2:$B$6232,$A7,'02_核算项'!$M$2:$M$6232,"NH3") -> 0 | P7: =SUMIFS('02_核算项'!$AD$2:$AD$6232,'02_核算项'!$B$2:$B$6232,$A7,'02_核算项'!$M$2:$M$6232,"SO2") -> 0 | Q7: =SUMIFS('02_核算项'!$AD$2:$AD$6232,'02_核算项'!$B$2:$B$6232,$A7,'02_核算项'!$M$2:$M$6232,"NOX") -> 460.84404 | R7: =SUMIFS('02_核算项'!$AD$2:$AD$6232,'02_核算项'!$B$2:$B$6232,$A7,'02_核算项'!$M$2:$M$6232,"CO") -> 405.89245 | S7: =SUMIFS('02_核算项'!$AD$2:$AD$6232,'02_核算项'!$B$2:$B$6232,$A7,'02_核算项'!$M$2:$M$6232,"VOCS") -> 6.2444992 | T7: =SUMIFS('02_核算项'!$AD$2:$AD$6232,'02_核算项'!$B$2:$B$6232,$A7,'02_核算项'!$M$2:$M$6232,"PM10") -> 4.027702 | U7: =SUMIFS('02_核算项'!$AD$2:$AD$6232,'02_核算项'!$B$2:$B$6232,$A7,'02_核算项'!$M$2:$M$6232,"PM25") -> 4.027702 | V7: =SUMIFS('02_核算项'!$AD$2:$AD$6232,'02_核算项'!$B$2:$B$6232,$A7,'02_核算项'!$M$2:$M$6232,"BC") -> 0 | W7: =SUMIFS('02_核算项'!$AD$2:$AD$6232,'02_核算项'!$B$2:$B$6232,$A7,'02_核算项'!$M$2:$M$6232,"OC") -> 0 | Y7: 29
A8: SRC-RAW-0249A5BFBA1950F087DA | B8: ENT-5B63BBAC773E | C8: 广州市 | D8: 4417 | E8: 燃生物质锅炉 | F8: DA007 | G8: =SUMIFS('02_核算项'!$AC$2:$AC$6232,'02_核算项'!$B$2:$B$6232,$A8,'02_核算项'!$M$2:$M$6232,"SO2") -> 0 | H8: =SUMIFS('02_核算项'!$AC$2:$AC$6232,'02_核算项'!$B$2:$B$6232,$A8,'02_核算项'!$M$2:$M$6232,"NOX") -> 0 | I8: =SUMIFS('02_核算项'!$AC$2:$AC$6232,'02_核算项'!$B$2:$B$6232,$A8,'02_核算项'!$M$2:$M$6232,"CO") -> 0 | J8: =SUMIFS('02_核算项'!$AC$2:$AC$6232,'02_核算项'!$B$2:$B$6232,$A8,'02_核算项'!$M$2:$M$6232,"VOCS") -> 0 | K8: =SUMIFS('02_核算项'!$AC$2:$AC$6232,'02_核算项'!$B$2:$B$6232,$A8,'02_核算项'!$M$2:$M$6232,"PM10") -> 0 | L8: =SUMIFS('02_核算项'!$AC$2:$AC$6232,'02_核算项'!$B$2:$B$6232,$A8,'02_核算项'!$M$2:$M$6232,"PM25") -> 0 | M8: =SUMIFS('02_核算项'!$AC$2:$AC$6232,'02_核算项'!$B$2:$B$6232,$A8,'02_核算项'!$M$2:$M$6232,"BC") -> 0 | N8: =SUMIFS('02_核算项'!$AC$2:$AC$6232,'02_核算项'!$B$2:$B$6232,$A8,'02_核算项'!$M$2:$M$6232,"OC") -> 0 | O8: =SUMIFS('02_核算项'!$AC$2:$AC$6232,'02_核算项'!$B$2:$B$6232,$A8,'02_核算项'!$M$2:$M$6232,"NH3") -> 0 | X8: =SUMIFS('02_核算项'!$AD$2:$AD$6232,'02_核算项'!$B$2:$B$6232,$A8,'02_核算项'!$M$2:$M$6232,"NH3") -> 0 | Y8: 48
A9: SRC-RAW-02F1AE3DC01E0E3EA7CE | B9: ENT-2D5DCA2B3D88 | C9: 汕头市 | D9: 4417 | E9: 燃生物质锅炉 | F9: DA003 | G9: =SUMIFS('02_核算项'!$AC$2:$AC$6232,'02_核算项'!$B$2:$B$6232,$A9,'02_核算项'!$M$2:$M$6232,"SO2") -> 0 | H9: =SUMIFS('02_核算项'!$AC$2:$AC$6232,'02_核算项'!$B$2:$B$6232,$A9,'02_核算项'!$M$2:$M$6232,"NOX") -> 0 | I9: =SUMIFS('02_核算项'!$AC$2:$AC$6232,'02_核算项'!$B$2:$B$6232,$A9,'02_核算项'!$M$2:$M$6232,"CO") -> 0 | J9: =SUMIFS('02_核算项'!$AC$2:$AC$6232,'02_核算项'!$B$2:$B$6232,$A9,'02_核算项'!$M$2:$M$6232,"VOCS") -> 0 | K9: =SUMIFS('02_核算项'!$AC$2:$AC$6232,'02_核算项'!$B$2:$B$6232,$A9,'02_核算项'!$M$2:$M$6232,"PM10") -> 0 | L9: =SUMIFS('02_核算项'!$AC$2:$AC$6232,'02_核算项'!$B$2:$B$6232,$A9,'02_核算项'!$M$2:$M$6232,"PM25") -> 0 | M9: =SUMIFS('02_核算项'!$AC$2:$AC$6232,'02_核算项'!$B$2:$B$6232,$A9,'02_核算项'!$M$2:$M$6232,"BC") -> 0 | N9: =SUMIFS('02_核算项'!$AC$2:$AC$6232,'02_核算项'!$B$2:$B$6232,$A9,'02_核算项'!$M$2:$M$6232,"OC") -> 0 | O9: =SUMIFS('02_核算项'!$AC$2:$AC$6232,'02_核算项'!$B$2:$B$6232,$A9,'02_核算项'!$M$2:$M$6232,"NH3") -> 0 | Y9: 41
A10: SRC-RAW-031B3589BCDCF633B0EA | B10: ENT-99B21D210819 | C10: 韶关市 | D10: 4411 | E10: 燃煤锅炉 | F10: DA002 | G10: =SUMIFS('02_核算项'!$AC$2:$AC$6232,'02_核算项'!$B$2:$B$6232,$A10,'02_核算项'!$M$2:$M$6232,"SO2") -> 9716.8797 | H10: =SUMIFS('02_核算项'!$AC$2:$AC$6232,'02_核算项'!$B$2:$B$6232,$A10,'02_核算项'!$M$2:$M$6232,"NOX") -> 4965.1809 | I10: =SUMIFS('02_核算项'!$AC$2:$AC$6232,'02_核算项'!$B$2:$B$6232,$A10,'02_核算项'!$M$2:$M$6232,"CO") -> 1377.304 | J10: =SUMIFS('02_核算项'!$AC$2:$AC$6232,'02_核算项'!$B$2:$B$6232,$A10,'02_核算项'!$M$2:$M$6232,"VOCS") -> 27.54608 | K10: =SUMIFS('02_核算项'!$AC$2:$AC$6232,'02_核算项'!$B$2:$B$6232,$A10,'02_核算项'!$M$2:$M$6232,"PM10") -> 23330.841 | L10: =SUMIFS('02_核算项'!$AC$2:$AC$6232,'02_核算项'!$B$2:$B$6232,$A10,'02_核算项'!$M$2:$M$6232,"PM25") -> 6086.3064 | M10: =SUMIFS('02_核算项'!$AC$2:$AC$6232,'02_核算项'!$B$2:$B$6232,$A10,'02_核算项'!$M$2:$M$6232,"BC") -> 12.172613 | N10: =SUMIFS('02_核算项'!$AC$2:$AC$6232,'02_核算项'!$B$2:$B$6232,$A10,'02_核算项'!$M$2:$M$6232,"OC") -> 0 | O10: =SUMIFS('02_核算项'!$AC$2:$AC$6232,'02_核算项'!$B$2:$B$6232,$A10,'02_核算项'!$M$2:$M$6232,"NH3") -> 110.18432 | P10: =SUMIFS('02_核算项'!$AD$2:$AD$6232,'02_核算项'!$B$2:$B$6232,$A10,'02_核算项'!$M$2:$M$6232,"SO2") -> 1943.3759 | Q10: =SUMIFS('02_核算项'!$AD$2:$AD$6232,'02_核算项'!$B$2:$B$6232,$A10,'02_核算项'!$M$2:$M$6232,"NOX") -> 1787.4651 | R10: =SUMIFS('02_核算项'!$AD$2:$AD$6232,'02_核算项'!$B$2:$B$6232,$A10,'02_核算项'!$M$2:$M$6232,"CO") -> 1377.304 | S10: =SUMIFS('02_核算项'!$AD$2:$AD$6232,'02_核算项'!$B$2:$B$6232,$A10,'02_核算项'!$M$2:$M$6232,"VOCS") -> 27.54608 | T10: =SUMIFS('02_核算项'!$AD$2:$AD$6232,'02_核算项'!$B$2:$B$6232,$A10,'02_核算项'!$M$2:$M$6232,"PM10") -> 415.8976 | U10: =SUMIFS('02_核算项'!$AD$2:$AD$6232,'02_核算项'!$B$2:$B$6232,$A10,'02_核算项'!$M$2:$M$6232,"PM25") -> 243.45226 | V10: =SUMIFS('02_核算项'!$AD$2:$AD$6232,'02_核算项'!$B$2:$B$6232,$A10,'02_核算项'!$M$2:$M$6232,"BC") -> 0.48690451 | W10: =SUMIFS('02_核算项'!$AD$2:$AD$6232,'02_核算项'!$B$2:$B$6232,$A10,'02_核算项'!$M$2:$M$6232,"OC") -> 0 | X10: =SUMIFS('02_核算项'!$AD$2:$AD$6232,'02_核算项'!$B$2:$B$6232,$A10,'02_核算项'!$M$2:$M$6232,"NH3") -> 110.18432 | Y10: 15
A11: SRC-RAW-034EA11B7545A4E80FF5 | B11: ENT-16086C6FA96F | C11: 珠海市 | D11: 4411 | E11: 燃煤锅炉 | F11: DA002 | G11: =SUMIFS('02_核算项'!$AC$2:$AC$6232,'02_核算项'!$B$2:$B$6232,$A11,'02_核算项'!$M$2:$M$6232,"SO2") -> 15477.419 | H11: =SUMIFS('02_核算项'!$AC$2:$AC$6232,'02_核算项'!$B$2:$B$6232,$A11,'02_核算项'!$M$2:$M$6232,"NOX") -> 10761.091 | I11: =SUMIFS('02_核算项'!$AC$2:$AC$6232,'02_核算项'!$B$2:$B$6232,$A11,'02_核算项'!$M$2:$M$6232,"CO") -> 2985.0375 | J11: =SUMIFS('02_核算项'!$AC$2:$AC$6232,'02_核算项'!$B$2:$B$6232,$A11,'02_核算项'!$M$2:$M$6232,"VOCS") -> 59.701449 | K11: =SUMIFS('02_核算项'!$AC$2:$AC$6232,'02_核算项'!$B$2:$B$6232,$A11,'02_核算项'!$M$2:$M$6232,"PM10") -> 38567.388 | L11: =SUMIFS('02_核算项'!$AC$2:$AC$6232,'02_核算项'!$B$2:$B$6232,$A11,'02_核算项'!$M$2:$M$6232,"PM25") -> 10061.06 | M11: =SUMIFS('02_核算项'!$AC$2:$AC$6232,'02_核算项'!$B$2:$B$6232,$A11,'02_核算项'!$M$2:$M$6232,"BC") -> 20.122173 | N11: =SUMIFS('02_核算项'!$AC$2:$AC$6232,'02_核算项'!$B$2:$B$6232,$A11,'02_核算项'!$M$2:$M$6232,"OC") -> 0.00023652 | O11: =SUMIFS('02_核算项'!$AC$2:$AC$6232,'02_核算项'!$B$2:$B$6232,$A11,'02_核算项'!$M$2:$M$6232,"NH3") -> 238.80272 | P11: =SUMIFS('02_核算项'!$AD$2:$AD$6232,'02_核算项'!$B$2:$B$6232,$A11,'02_核算项'!$M$2:$M$6232,"SO2") -> 3095.4838 | Q11: =SUMIFS('02_核算项'!$AD$2:$AD$6232,'02_核算项'!$B$2:$B$6232,$A11,'02_核算项'!$M$2:$M$6232,"NOX") -> 3873.9929 | R11: =SUMIFS('02_核算项'!$AD$2:$AD$6232,'02_核算项'!$B$2:$B$6232,$A11,'02_核算项'!$M$2:$M$6232,"CO") -> 2985.0375 | S11: =SUMIFS('02_核算项'!$AD$2:$AD$6232,'02_核算项'!$B$2:$B$6232,$A11,'02_核算项'!$M$2:$M$6232,"VOCS") -> 59.701449 | T11: =SUMIFS('02_核算项'!$AD$2:$AD$6232,'02_核算项'!$B$2:$B$6232,$A11,'02_核算项'!$M$2:$M$6232,"PM10") -> 687.50569 | U11: =SUMIFS('02_核算项'!$AD$2:$AD$6232,'02_核算项'!$B$2:$B$6232,$A11,'02_核算项'!$M$2:$M$6232,"PM25") -> 402.4424 | V11: =SUMIFS('02_核算项'!$AD$2:$AD$6232,'02_核算项'!$B$2:$B$6232,$A11,'02_核算项'!$M$2:$M$6232,"BC") -> 0.80488693 | W11: =SUMIFS('02_核算项'!$AD$2:$AD$6232,'02_核算项'!$B$2:$B$6232,$A11,'02_核算项'!$M$2:$M$6232,"OC") -> 9.4608e-06 | X11: =SUMIFS('02_核算项'!$AD$2:$AD$6232,'02_核算项'!$B$2:$B$6232,$A11,'02_核算项'!$M$2:$M$6232,"NH3") -> 238.80272 | Y11: 29
A12: SRC-RAW-03DE8EF23ED7B791BADC | B12: ENT-0ACC73BB16FC | C12: 韶关市 | D12: 4411 | E12: 燃煤锅炉 | F12: DA002 | G12: =SUMIFS('02_核算项'!$AC$2:$AC$6232,'02_核算项'!$B$2:$B$6232,$A12,'02_核算项'!$M$2:$M$6232,"SO2") -> 30925.506 | H12: =SUMIFS('02_核算项'!$AC$2:$AC$6232,'02_核算项'!$B$2:$B$6232,$A12,'02_核算项'!$M$2:$M$6232,"NOX") -> 12777.789 | I12: =SUMIFS('02_核算项'!$AC$2:$AC$6232,'02_核算项'!$B$2:$B$6232,$A12,'02_核算项'!$M$2:$M$6232,"CO") -> 3544.463 | J12: =SUMIFS('02_核算项'!$AC$2:$AC$6232,'02_核算项'!$B$2:$B$6232,$A12,'02_核算项'!$M$2:$M$6232,"VOCS") -> 70.88926 | K12: =SUMIFS('02_核算项'!$AC$2:$AC$6232,'02_核算项'!$B$2:$B$6232,$A12,'02_核算项'!$M$2:$M$6232,"PM10") -> 136188.97 | L12: =SUMIFS('02_核算项'!$AC$2:$AC$6232,'02_核算项'!$B$2:$B$6232,$A12,'02_核算项'!$M$2:$M$6232,"PM25") -> 32873.199 | M12: =SUMIFS('02_核算项'!$AC$2:$AC$6232,'02_核算项'!$B$2:$B$6232,$A12,'02_核算项'!$M$2:$M$6232,"BC") -> 65.746398 | N12: =SUMIFS('02_核算项'!$AC$2:$AC$6232,'02_核算项'!$B$2:$B$6232,$A12,'02_核算项'!$M$2:$M$6232,"OC") -> 0 | O12: =SUMIFS('02_核算项'!$AC$2:$AC$6232,'02_核算项'!$B$2:$B$6232,$A12,'02_核算项'!$M$2:$M$6232,"NH3") -> 0 | P12: =SUMIFS('02_核算项'!$AD$2:$AD$6232,'02_核算项'!$B$2:$B$6232,$A12,'02_核算项'!$M$2:$M$6232,"SO2") -> 30925.506 | Q12: =SUMIFS('02_核算项'!$AD$2:$AD$6232,'02_核算项'!$B$2:$B$6232,$A12,'02_核算项'!$M$2:$M$6232,"NOX") -> 9966.6755 | R12: =SUMIFS('02_核算项'!$AD$2:$AD$6232,'02_核算项'!$B$2:$B$6232,$A12,'02_核算项'!$M$2:$M$6232,"CO") -> 3544.463 | S12: =SUMIFS('02_核算项'!$AD$2:$AD$6232,'02_核算项'!$B$2:$B$6232,$A12,'02_核算项'!$M$2:$M$6232,"VOCS") -> 70.88926 | T12: =SUMIFS('02_核算项'!$AD$2:$AD$6232,'02_核算项'!$B$2:$B$6232,$A12,'02_核算项'!$M$2:$M$6232,"PM10") -> 136188.97 | U12: =SUMIFS('02_核算项'!$AD$2:$AD$6232,'02_核算项'!$B$2:$B$6232,$A12,'02_核算项'!$M$2:$M$6232,"PM25") -> 32873.199 | V12: =SUMIFS('02_核算项'!$AD$2:$AD$6232,'02_核算项'!$B$2:$B$6232,$A12,'02_核算项'!$M$2:$M$6232,"BC") -> 65.746398 | W12: =SUMIFS('02_核算项'!$AD$2:$AD$6232,'02_核算项'!$B$2:$B$6232,$A12,'02_核算项'!$M$2:$M$6232,"OC") -> 0 | X12: =SUMIFS('02_核算项'!$AD$2:$AD$6232,'02_核算项'!$B$2:$B$6232,$A12,'02_核算项'!$M$2:$M$6232,"NH3") -> 0 | Y12: 80
A13: SRC-RAW-052001AE00EAE9CB3DBA | B13: ENT-20040C4B08B0 | C13: 韶关市 | D13: 4417 | E13: 燃生物质锅炉 | F13: DA001 | G13: =SUMIFS('02_核算项'!$AC$2:$AC$6232,'02_核算项'!$B$2:$B$6232,$A13,'02_核算项'!$M$2:$M$6232,"SO2") -> 0 | H13: =SUMIFS('02_核算项'!$AC$2:$AC$6232,'02_核算项'!$B$2:$B$6232,$A13,'02_核算项'!$M$2:$M$6232,"NOX") -> 0 | I13: =SUMIFS('02_核算项'!$AC$2:$AC$6232,'02_核算项'!$B$2:$B$6232,$A13,'02_核算项'!$M$2:$M$6232,"CO") -> 0 | J13: =SUMIFS('02_核算项'!$AC$2:$AC$6232,'02_核算项'!$B$2:$B$6232,$A13,'02_核算项'!$M$2:$M$6232,"VOCS") -> 0 | K13: =SUMIFS('02_核算项'!$AC$2:$AC$6232,'02_核算项'!$B$2:$B$6232,$A13,'02_核算项'!$M$2:$M$6232,"PM10") -> 0 | L13: =SUMIFS('02_核算项'!$AC$2:$AC$6232,'02_核算项'!$B$2:$B$6232,$A13,'02_核算项'!$M$2:$M$6232,"PM25") -> 0 | M13: =SUMIFS('02_核算项'!$AC$2:$AC$6232,'02_核算项'!$B$2:$B$6232,$A13,'02_核算项'!$M$2:$M$6232,"BC") -> 0 | N13: =SUMIFS('02_核算项'!$AC$2:$AC$6232,'02_核算项'!$B$2:$B$6232,$A13,'02_核算项'!$M$2:$M$6232,"OC") -> 0 | O13: =SUMIFS('02_核算项'!$AC$2:$AC$6232,'02_核算项'!$B$2:$B$6232,$A13,'02_核算项'!$M$2:$M$6232,"NH3") -> 0 | P13: =SUMIFS('02_核算项'!$AD$2:$AD$6232,'02_核算项'!$B$2:$B$6232,$A13,'02_核算项'!$M$2:$M$6232,"SO2") -> 0 | Q13: =SUMIFS('02_核算项'!$AD$2:$AD$6232,'02_核算项'!$B$2:$B$6232,$A13,'02_核算项'!$M$2:$M$6232,"NOX") -> 0 | R13: =SUMIFS('02_核算项'!$AD$2:$AD$6232,'02_核算项'!$B$2:$B$6232,$A13,'02_核算项'!$M$2:$M$6232,"CO") -> 0 | S13: =SUMIFS('02_核算项'!$AD$2:$AD$6232,'02_核算项'!$B$2:$B$6232,$A13,'02_核算项'!$M$2:$M$6232,"VOCS") -> 0 | T13: =SUMIFS('02_核算项'!$AD$2:$AD$6232,'02_核算项'!$B$2:$B$6232,$A13,'02_核算项'!$M$2:$M$6232,"PM10") -> 0 | U13: =SUMIFS('02_核算项'!$AD$2:$AD$6232,'02_核算项'!$B$2:$B$6232,$A13,'02_核算项'!$M$2:$M$6232,"PM25") -> 0 | V13: =SUMIFS('02_核算项'!$AD$2:$AD$6232,'02_核算项'!$B$2:$B$6232,$A13,'02_核算项'!$M$2:$M$6232,"BC") -> 0 | W13: =SUMIFS('02_核算项'!$AD$2:$AD$6232,'02_核算项'!$B$2:$B$6232,$A13,'02_核算项'!$M$2:$M$6232,"OC") -> 0 | X13: =SUMIFS('02_核算项'!$AD$2:$AD$6232,'02_核算项'!$B$2:$B$6232,$A13,'02_核算项'!$M$2:$M$6232,"NH3") -> 0 | Y13: 58
A14: SRC-RAW-0543F60FDC1976D763BF | B14: ENT-092298654969 | C14: 湛江市 | D14: 4411 | E14: 燃煤锅炉 | F14: DA004 | G14: =SUMIFS('02_核算项'!$AC$2:$AC$6232,'02_核算项'!$B$2:$B$6232,$A14,'02_核算项'!$M$2:$M$6232,"SO2") -> 11773.917 | H14: =SUMIFS('02_核算项'!$AC$2:$AC$6232,'02_核算项'!$B$2:$B$6232,$A14,'02_核算项'!$M$2:$M$6232,"NOX") -> 5201.5896 | I14: =SUMIFS('02_核算项'!$AC$2:$AC$6232,'02_核算项'!$B$2:$B$6232,$A14,'02_核算项'!$M$2:$M$6232,"CO") -> 1442.882 | J14: =SUMIFS('02_核算项'!$AC$2:$AC$6232,'02_核算项'!$B$2:$B$6232,$A14,'02_核算项'!$M$2:$M$6232,"VOCS") -> 28.85764 | K14: =SUMIFS('02_核算项'!$AC$2:$AC$6232,'02_核算项'!$B$2:$B$6232,$A14,'02_核算项'!$M$2:$M$6232,"PM10") -> 21766.055 | L14: =SUMIFS('02_核算项'!$AC$2:$AC$6232,'02_核算项'!$B$2:$B$6232,$A14,'02_核算项'!$M$2:$M$6232,"PM25") -> 5678.1014 | M14: =SUMIFS('02_核算项'!$AC$2:$AC$6232,'02_核算项'!$B$2:$B$6232,$A14,'02_核算项'!$M$2:$M$6232,"BC") -> 11.356203 | N14: =SUMIFS('02_核算项'!$AC$2:$AC$6232,'02_核算项'!$B$2:$B$6232,$A14,'02_核算项'!$M$2:$M$6232,"OC") -> 0 | O14: =SUMIFS('02_核算项'!$AC$2:$AC$6232,'02_核算项'!$B$2:$B$6232,$A14,'02_核算项'!$M$2:$M$6232,"NH3") -> 115.43056 | P14: =SUMIFS('02_核算项'!$AD$2:$AD$6232,'02_核算项'!$B$2:$B$6232,$A14,'02_核算项'!$M$2:$M$6232,"SO2") -> 7064.3503 | Q14: =SUMIFS('02_核算项'!$AD$2:$AD$6232,'02_核算项'!$B$2:$B$6232,$A14,'02_核算项'!$M$2:$M$6232,"NOX") -> 1872.5723 | R14: =SUMIFS('02_核算项'!$AD$2:$AD$6232,'02_核算项'!$B$2:$B$6232,$A14,'02_核算项'!$M$2:$M$6232,"CO") -> 1442.882 | S14: =SUMIFS('02_核算项'!$AD$2:$AD$6232,'02_核算项'!$B$2:$B$6232,$A14,'02_核算项'!$M$2:$M$6232,"VOCS") -> 28.85764 | T14: =SUMIFS('02_核算项'!$AD$2:$AD$6232,'02_核算项'!$B$2:$B$6232,$A14,'02_核算项'!$M$2:$M$6232,"PM10") -> 388.0036 | U14: =SUMIFS('02_核算项'!$AD$2:$AD$6232,'02_核算项'!$B$2:$B$6232,$A14,'02_核算项'!$M$2:$M$6232,"PM25") -> 227.12406 | V14: =SUMIFS('02_核算项'!$AD$2:$AD$6232,'02_核算项'!$B$2:$B$6232,$A14,'02_核算项'!$M$2:$M$6232,"BC") -> 0.45424811 | W14: =SUMIFS('02_核算项'!$AD$2:$AD$6232,'02_核算项'!$B$2:$B$6232,$A14,'02_核算项'!$M$2:$M$6232,"OC") -> 0 | X14: =SUMIFS('02_核算项'!$AD$2:$AD$6232,'02_核算项'!$B$2:$B$6232,$A14,'02_核算项'!$M$2:$M$6232,"NH3") -> 115.43056 | Y14: 24
A15: SRC-RAW-054673ABE84F2132BAFA | B15: ENT-E5A00F728A3D | C15: 中山市 | D15: 4417 | E15: 燃生物质锅炉 | F15: DA003 | G15: =SUMIFS('02_核算项'!$AC$2:$AC$6232,'02_核算项'!$B$2:$B$6232,$A15,'02_核算项'!$M$2:$M$6232,"SO2") -> 0 | H15: =SUMIFS('02_核算项'!$AC$2:$AC$6232,'02_核算项'!$B$2:$B$6232,$A15,'02_核算项'!$M$2:$M$6232,"NOX") -> 0 | I15: =SUMIFS('02_核算项'!$AC$2:$AC$6232,'02_核算项'!$B$2:$B$6232,$A15,'02_核算项'!$M$2:$M$6232,"CO") -> 0 | J15: =SUMIFS('02_核算项'!$AC$2:$AC$6232,'02_核算项'!$B$2:$B$6232,$A15,'02_核算项'!$M$2:$M$6232,"VOCS") -> 0 | K15: =SUMIFS('02_核算项'!$AC$2:$AC$6232,'02_核算项'!$B$2:$B$6232,$A15,'02_核算项'!$M$2:$M$6232,"PM10") -> 0 | L15: =SUMIFS('02_核算项'!$AC$2:$AC$6232,'02_核算项'!$B$2:$B$6232,$A15,'02_核算项'!$M$2:$M$6232,"PM25") -> 0 | M15: =SUMIFS('02_核算项'!$AC$2:$AC$6232,'02_核算项'!$B$2:$B$6232,$A15,'02_核算项'!$M$2:$M$6232,"BC") -> 0 | N15: =SUMIFS('02_核算项'!$AC$2:$AC$6232,'02_核算项'!$B$2:$B$6232,$A15,'02_核算项'!$M$2:$M$6232,"OC") -> 0 | O15: =SUMIFS('02_核算项'!$AC$2:$AC$6232,'02_核算项'!$B$2:$B$6232,$A15,'02_核算项'!$M$2:$M$6232,"NH3") -> 0 | Y15: 32
A16: SRC-RAW-05917898A7F1CFE1B7F4 | B16: ENT-E6AE8E31F135 | C16: 肇庆市 | D16: 4430 | E16: 燃气锅炉 | F16: DA001 | G16: =SUMIFS('02_核算项'!$AC$2:$AC$6232,'02_核算项'!$B$2:$B$6232,$A16,'02_核算项'!$M$2:$M$6232,"SO2") -> 0 | H16: =SUMIFS('02_核算项'!$AC$2:$AC$6232,'02_核算项'!$B$2:$B$6232,$A16,'02_核算项'!$M$2:$M$6232,"NOX") -> 6.15 | I16: =SUMIFS('02_核算项'!$AC$2:$AC$6232,'02_核算项'!$B$2:$B$6232,$A16,'02_核算项'!$M$2:$M$6232,"CO") -> 1.95 | J16: =SUMIFS('02_核算项'!$AC$2:$AC$6232,'02_核算项'!$B$2:$B$6232,$A16,'02_核算项'!$M$2:$M$6232,"VOCS") -> 0.03 | K16: =SUMIFS('02_核算项'!$AC$2:$AC$6232,'02_核算项'!$B$2:$B$6232,$A16,'02_核算项'!$M$2:$M$6232,"PM10") -> 0.045 | L16: =SUMIFS('02_核算项'!$AC$2:$AC$6232,'02_核算项'!$B$2:$B$6232,$A16,'02_核算项'!$M$2:$M$6232,"PM25") -> 0.045 | M16: =SUMIFS('02_核算项'!$AC$2:$AC$6232,'02_核算项'!$B$2:$B$6232,$A16,'02_核算项'!$M$2:$M$6232,"BC") -> 0 | N16: =SUMIFS('02_核算项'!$AC$2:$AC$6232,'02_核算项'!$B$2:$B$6232,$A16,'02_核算项'!$M$2:$M$6232,"OC") -> 0 | O16: =SUMIFS('02_核算项'!$AC$2:$AC$6232,'02_核算项'!$B$2:$B$6232,$A16,'02_核算项'!$M$2:$M$6232,"NH3") -> 0 | P16: =SUMIFS('02_核算项'!$AD$2:$AD$6232,'02_核算项'!$B$2:$B$6232,$A16,'02_核算项'!$M$2:$M$6232,"SO2") -> 0 | Q16: =SUMIFS('02_核算项'!$AD$2:$AD$6232,'02_核算项'!$B$2:$B$6232,$A16,'02_核算项'!$M$2:$M$6232,"NOX") -> 4.797 | R16: =SUMIFS('02_核算项'!$AD$2:$AD$6232,'02_核算项'!$B$2:$B$6232,$A16,'02_核算项'!$M$2:$M$6232,"CO") -> 1.95 | S16: =SUMIFS('02_核算项'!$AD$2:$AD$6232,'02_核算项'!$B$2:$B$6232,$A16,'02_核算项'!$M$2:$M$6232,"VOCS") -> 0.03 | T16: =SUMIFS('02_核算项'!$AD$2:$AD$6232,'02_核算项'!$B$2:$B$6232,$A16,'02_核算项'!$M$2:$M$6232,"PM10") -> 0.045 | U16: =SUMIFS('02_核算项'!$AD$2:$AD$6232,'02_核算项'!$B$2:$B$6232,$A16,'02_核算项'!$M$2:$M$6232,"PM25") -> 0.045 | V16: =SUMIFS('02_核算项'!$AD$2:$AD$6232,'02_核算项'!$B$2:$B$6232,$A16,'02_核算项'!$M$2:$M$6232,"BC") -> 0 | W16: =SUMIFS('02_核算项'!$AD$2:$AD$6232,'02_核算项'!$B$2:$B$6232,$A16,'02_核算项'!$M$2:$M$6232,"OC") -> 0 | X16: =SUMIFS('02_核算项'!$AD$2:$AD$6232,'02_核算项'!$B$2:$B$6232,$A16,'02_核算项'!$M$2:$M$6232,"NH3") -> 0 | Y16: 32
A17: SRC-RAW-061DB3E543B16331E37B | B17: ENT-2C598FE10161 | C17: 茂名市 | D17: 4412 | E17: 燃煤锅炉 | F17: DA001 | G17: =SUMIFS('02_核算项'!$AC$2:$AC$6232,'02_核算项'!$B$2:$B$6232,$A17,'02_核算项'!$M$2:$M$6232,"SO2") -> 6515.3703 | H17: =SUMIFS('02_核算项'!$AC$2:$AC$6232,'02_核算项'!$B$2:$B$6232,$A17,'02_核算项'!$M$2:$M$6232,"NOX") -> 4025.5533 | I17: =SUMIFS('02_核算项'!$AC$2:$AC$6232,'02_核算项'!$B$2:$B$6232,$A17,'02_核算项'!$M$2:$M$6232,"CO") -> 982.74646 | J17: =SUMIFS('02_核算项'!$AC$2:$AC$6232,'02_核算项'!$B$2:$B$6232,$A17,'02_核算项'!$M$2:$M$6232,"VOCS") -> 19.683733 | K17: =SUMIFS('02_核算项'!$AC$2:$AC$6232,'02_核算项'!$B$2:$B$6232,$A17,'02_核算项'!$M$2:$M$6232,"PM10") -> 16144.854 | L17: =SUMIFS('02_核算项'!$AC$2:$AC$6232,'02_核算项'!$B$2:$B$6232,$A17,'02_核算项'!$M$2:$M$6232,"PM25") -> 4211.7913 | M17: =SUMIFS('02_核算项'!$AC$2:$AC$6232,'02_核算项'!$B$2:$B$6232,$A17,'02_核算项'!$M$2:$M$6232,"BC") -> 8.4257795 | N17: =SUMIFS('02_核算项'!$AC$2:$AC$6232,'02_核算项'!$B$2:$B$6232,$A17,'02_核算项'!$M$2:$M$6232,"OC") -> 0.009764 | O17: =SUMIFS('02_核算项'!$AC$2:$AC$6232,'02_核算项'!$B$2:$B$6232,$A17,'02_核算项'!$M$2:$M$6232,"NH3") -> 78.608 | P17: =SUMIFS('02_核算项'!$AD$2:$AD$6232,'02_核算项'!$B$2:$B$6232,$A17,'02_核算项'!$M$2:$M$6232,"SO2") -> 1303.0741 | Q17: =SUMIFS('02_核算项'!$AD$2:$AD$6232,'02_核算项'!$B$2:$B$6232,$A17,'02_核算项'!$M$2:$M$6232,"NOX") -> 1449.1992 | R17: =SUMIFS('02_核算项'!$AD$2:$AD$6232,'02_核算项'!$B$2:$B$6232,$A17,'02_核算项'!$M$2:$M$6232,"CO") -> 982.74646 | S17: =SUMIFS('02_核算项'!$AD$2:$AD$6232,'02_核算项'!$B$2:$B$6232,$A17,'02_核算项'!$M$2:$M$6232,"VOCS") -> 19.683733 | T17: =SUMIFS('02_核算项'!$AD$2:$AD$6232,'02_核算项'!$B$2:$B$6232,$A17,'02_核算项'!$M$2:$M$6232,"PM10") -> 287.80228 | U17: =SUMIFS('02_核算项'!$AD$2:$AD$6232,'02_核算项'!$B$2:$B$6232,$A17,'02_核算项'!$M$2:$M$6232,"PM25") -> 168.47165 | V17: =SUMIFS('02_核算项'!$AD$2:$AD$6232,'02_核算项'!$B$2:$B$6232,$A17,'02_核算项'!$M$2:$M$6232,"BC") -> 0.33703118 | W17: =SUMIFS('02_核算项'!$AD$2:$AD$6232,'02_核算项'!$B$2:$B$6232,$A17,'02_核算项'!$M$2:$M$6232,"OC") -> 0.00039056 | X17: =SUMIFS('02_核算项'!$AD$2:$AD$6232,'02_核算项'!$B$2:$B$6232,$A17,'02_核算项'!$M$2:$M$6232,"NH3") -> 78.608 | Y17: 45
A18: SRC-RAW-0669457CFC3C8B1DEF46 | B18: ENT-1F1597930BA6 | C18: 佛山市 | D18: 4412 | E18: 燃气轮机 | F18: DA002 | G18: =SUMIFS('02_核算项'!$AC$2:$AC$6232,'02_核算项'!$B$2:$B$6232,$A18,'02_核算项'!$M$2:$M$6232,"SO2") -> 0 | H18: =SUMIFS('02_核算项'!$AC$2:$AC$6232,'02_核算项'!$B$2:$B$6232,$A18,'02_核算项'!$M$2:$M$6232,"NOX") -> 122.57061 | I18: =SUMIFS('02_核算项'!$AC$2:$AC$6232,'02_核算项'!$B$2:$B$6232,$A18,'02_核算项'!$M$2:$M$6232,"CO") -> 38.863851 | J18: =SUMIFS('02_核算项'!$AC$2:$AC$6232,'02_核算项'!$B$2:$B$6232,$A18,'02_核算项'!$M$2:$M$6232,"VOCS") -> 0.5979054 | K18: =SUMIFS('02_核算项'!$AC$2:$AC$6232,'02_核算项'!$B$2:$B$6232,$A18,'02_核算项'!$M$2:$M$6232,"PM10") -> 0.8968581 | L18: =SUMIFS('02_核算项'!$AC$2:$AC$6232,'02_核算项'!$B$2:$B$6232,$A18,'02_核算项'!$M$2:$M$6232,"PM25") -> 0.8968581 | M18: =SUMIFS('02_核算项'!$AC$2:$AC$6232,'02_核算项'!$B$2:$B$6232,$A18,'02_核算项'!$M$2:$M$6232,"BC") -> 0 | N18: =SUMIFS('02_核算项'!$AC$2:$AC$6232,'02_核算项'!$B$2:$B$6232,$A18,'02_核算项'!$M$2:$M$6232,"OC") -> 0 | O18: =SUMIFS('02_核算项'!$AC$2:$AC$6232,'02_核算项'!$B$2:$B$6232,$A18,'02_核算项'!$M$2:$M$6232,"NH3") -> 0 | P18: =SUMIFS('02_核算项'!$AD$2:$AD$6232,'02_核算项'!$B$2:$B$6232,$A18,'02_核算项'!$M$2:$M$6232,"SO2") -> 0 | Q18: =SUMIFS('02_核算项'!$AD$2:$AD$6232,'02_核算项'!$B$2:$B$6232,$A18,'02_核算项'!$M$2:$M$6232,"NOX") -> 95.605073 | R18: =SUMIFS('02_核算项'!$AD$2:$AD$6232,'02_核算项'!$B$2:$B$6232,$A18,'02_核算项'!$M$2:$M$6232,"CO") -> 38.863851 | S18: =SUMIFS('02_核算项'!$AD$2:$AD$6232,'02_核算项'!$B$2:$B$6232,$A18,'02_核算项'!$M$2:$M$6232,"VOCS") -> 0.5979054 | T18: =SUMIFS('02_核算项'!$AD$2:$AD$6232,'02_核算项'!$B$2:$B$6232,$A18,'02_核算项'!$M$2:$M$6232,"PM10") -> 0.8968581 | U18: =SUMIFS('02_核算项'!$AD$2:$AD$6232,'02_核算项'!$B$2:$B$6232,$A18,'02_核算项'!$M$2:$M$6232,"PM25") -> 0.8968581 | V18: =SUMIFS('02_核算项'!$AD$2:$AD$6232,'02_核算项'!$B$2:$B$6232,$A18,'02_核算项'!$M$2:$M$6232,"BC") -> 0 | W18: =SUMIFS('02_核算项'!$AD$2:$AD$6232,'02_核算项'!$B$2:$B$6232,$A18,'02_核算项'!$M$2:$M$6232,"OC") -> 0 | X18: =SUMIFS('02_核算项'!$AD$2:$AD$6232,'02_核算项'!$B$2:$B$6232,$A18,'02_核算项'!$M$2:$M$6232,"NH3") -> 0 | Y18: 32
A19: SRC-RAW-0741B2CBDE286E52D2D7 | B19: ENT-2B91C6D570D7 | C19: 中山市 | D19: 4417 | E19: 燃生物质锅炉 | F19: DA001 | G19: =SUMIFS('02_核算项'!$AC$2:$AC$6232,'02_核算项'!$B$2:$B$6232,$A19,'02_核算项'!$M$2:$M$6232,"SO2") -> 0 | H19: =SUMIFS('02_核算项'!$AC$2:$AC$6232,'02_核算项'!$B$2:$B$6232,$A19,'02_核算项'!$M$2:$M$6232,"NOX") -> 0 | I19: =SUMIFS('02_核算项'!$AC$2:$AC$6232,'02_核算项'!$B$2:$B$6232,$A19,'02_核算项'!$M$2:$M$6232,"CO") -> 0 | J19: =SUMIFS('02_核算项'!$AC$2:$AC$6232,'02_核算项'!$B$2:$B$6232,$A19,'02_核算项'!$M$2:$M$6232,"VOCS") -> 0 | K19: =SUMIFS('02_核算项'!$AC$2:$AC$6232,'02_核算项'!$B$2:$B$6232,$A19,'02_核算项'!$M$2:$M$6232,"PM10") -> 0 | L19: =SUMIFS('02_核算项'!$AC$2:$AC$6232,'02_核算项'!$B$2:$B$6232,$A19,'02_核算项'!$M$2:$M$6232,"PM25") -> 0 | M19: =SUMIFS('02_核算项'!$AC$2:$AC$6232,'02_核算项'!$B$2:$B$6232,$A19,'02_核算项'!$M$2:$M$6232,"BC") -> 0 | N19: =SUMIFS('02_核算项'!$AC$2:$AC$6232,'02_核算项'!$B$2:$B$6232,$A19,'02_核算项'!$M$2:$M$6232,"OC") -> 0 | O19: =SUMIFS('02_核算项'!$AC$2:$AC$6232,'02_核算项'!$B$2:$B$6232,$A19,'02_核算项'!$M$2:$M$6232,"NH3") -> 0 | Y19: 32
A20: SRC-RAW-07703F4FDC2BBC59EB13 | B20: ENT-F051681780D7 | C20: 惠州市 | D20: 4417 | E20: 燃生物质锅炉 | F20: DA001 | G20: =SUMIFS('02_核算项'!$AC$2:$AC$6232,'02_核算项'!$B$2:$B$6232,$A20,'02_核算项'!$M$2:$M$6232,"SO2") -> 0 | H20: =SUMIFS('02_核算项'!$AC$2:$AC$6232,'02_核算项'!$B$2:$B$6232,$A20,'02_核算项'!$M$2:$M$6232,"NOX") -> 0 | I20: =SUMIFS('02_核算项'!$AC$2:$AC$6232,'02_核算项'!$B$2:$B$6232,$A20,'02_核算项'!$M$2:$M$6232,"CO") -> 0 | J20: =SUMIFS('02_核算项'!$AC$2:$AC$6232,'02_核算项'!$B$2:$B$6232,$A20,'02_核算项'!$M$2:$M$6232,"VOCS") -> 0 | K20: =SUMIFS('02_核算项'!$AC$2:$AC$6232,'02_核算项'!$B$2:$B$6232,$A20,'02_核算项'!$M$2:$M$6232,"PM10") -> 0 | L20: =SUMIFS('02_核算项'!$AC$2:$AC$6232,'02_核算项'!$B$2:$B$6232,$A20,'02_核算项'!$M$2:$M$6232,"PM25") -> 0 | M20: =SUMIFS('02_核算项'!$AC$2:$AC$6232,'02_核算项'!$B$2:$B$6232,$A20,'02_核算项'!$M$2:$M$6232,"BC") -> 0 | N20: =SUMIFS('02_核算项'!$AC$2:$AC$6232,'02_核算项'!$B$2:$B$6232,$A20,'02_核算项'!$M$2:$M$6232,"OC") -> 0 | O20: =SUMIFS('02_核算项'!$AC$2:$AC$6232,'02_核算项'!$B$2:$B$6232,$A20,'02_核算项'!$M$2:$M$6232,"NH3") -> 0 | Y20: 32
A21: SRC-RAW-07BDEFC16D760A9208C5 | B21: ENT-32C21098A333 | C21: 东莞市 | D21: 4417 | E21: 燃生物质锅炉 | F21: DA003 | G21: =SUMIFS('02_核算项'!$AC$2:$AC$6232,'02_核算项'!$B$2:$B$6232,$A21,'02_核算项'!$M$2:$M$6232,"SO2") -> 0 | H21: =SUMIFS('02_核算项'!$AC$2:$AC$6232,'02_核算项'!$B$2:$B$6232,$A21,'02_核算项'!$M$2:$M$6232,"NOX") -> 0.37638 | I21: =SUMIFS('02_核算项'!$AC$2:$AC$6232,'02_核算项'!$B$2:$B$6232,$A21,'02_核算项'!$M$2:$M$6232,"CO") -> 0.11934 | J21: =SUMIFS('02_核算项'!$AC$2:$AC$6232,'02_核算项'!$B$2:$B$6232,$A21,'02_核算项'!$M$2:$M$6232,"VOCS") -> 0.001836 | K21: =SUMIFS('02_核算项'!$AC$2:$AC$6232,'02_核算项'!$B$2:$B$6232,$A21,'02_核算项'!$M$2:$M$6232,"PM10") -> 0.002754 | L21: =SUMIFS('02_核算项'!$AC$2:$AC$6232,'02_核算项'!$B$2:$B$6232,$A21,'02_核算项'!$M$2:$M$6232,"PM25") -> 0.002754 | M21: =SUMIFS('02_核算项'!$AC$2:$AC$6232,'02_核算项'!$B$2:$B$6232,$A21,'02_核算项'!$M$2:$M$6232,"BC") -> 0 | N21: =SUMIFS('02_核算项'!$AC$2:$AC$6232,'02_核算项'!$B$2:$B$6232,$A21,'02_核算项'!$M$2:$M$6232,"OC") -> 0 | O21: =SUMIFS('02_核算项'!$AC$2:$AC$6232,'02_核算项'!$B$2:$B$6232,$A21,'02_核算项'!$M$2:$M$6232,"NH3") -> 0 | P21: =SUMIFS('02_核算项'!$AD$2:$AD$6232,'02_核算项'!$B$2:$B$6232,$A21,'02_核算项'!$M$2:$M$6232,"SO2") -> 0 | Q21: =SUMIFS('02_核算项'!$AD$2:$AD$6232,'02_核算项'!$B$2:$B$6232,$A21,'02_核算项'!$M$2:$M$6232,"NOX") -> 0.37638 | R21: =SUMIFS('02_核算项'!$AD$2:$AD$6232,'02_核算项'!$B$2:$B$6232,$A21,'02_核算项'!$M$2:$M$6232,"CO") -> 0.11934 | S21: =SUMIFS('02_核算项'!$AD$2:$AD$6232,'02_核算项'!$B$2:$B$6232,$A21,'02_核算项'!$M$2:$M$6232,"VOCS") -> 0.001836 | T21: =SUMIFS('02_核算项'!$AD$2:$AD$6232,'02_核算项'!$B$2:$B$6232,$A21,'02_核算项'!$M$2:$M$6232,"PM10") -> 0.00015147 | U21: =SUMIFS('02_核算项'!$AD$2:$AD$6232,'02_核算项'!$B$2:$B$6232,$A21,'02_核算项'!$M$2:$M$6232,"PM25") -> 0.00015147 | V21: =SUMIFS('02_核算项'!$AD$2:$AD$6232,'02_核算项'!$B$2:$B$6232,$A21,'02_核算项'!$M$2:$M$6232,"BC") -> 0 | W21: =SUMIFS('02_核算项'!$AD$2:$AD$6232,'02_核算项'!$B$2:$B$6232,$A21,'02_核算项'!$M$2:$M$6232,"OC") -> 0 | Y21: 90
A22: SRC-RAW-08B2C44FC36AD162FE1C | B22: ENT-1BA854A6C7D8 | C22: 广州市 | D22: 4417 | E22: 燃生物质锅炉 | F22: DA005 | G22: =SUMIFS('02_核算项'!$AC$2:$AC$6232,'02_核算项'!$B$2:$B$6232,$A22,'02_核算项'!$M$2:$M$6232,"SO2") -> 0.57753 | H22: =SUMIFS('02_核算项'!$AC$2:$AC$6232,'02_核算项'!$B$2:$B$6232,$A22,'02_核算项'!$M$2:$M$6232,"NOX") -> 1.424574 | I22: =SUMIFS('02_核算项'!$AC$2:$AC$6232,'02_核算项'!$B$2:$B$6232,$A22,'02_核算项'!$M$2:$M$6232,"CO") -> 0.115506 | J22: =SUMIFS('02_核算项'!$AC$2:$AC$6232,'02_核算项'!$B$2:$B$6232,$A22,'02_核算项'!$M$2:$M$6232,"VOCS") -> 0.0250263 | K22: =SUMIFS('02_核算项'!$AC$2:$AC$6232,'02_核算项'!$B$2:$B$6232,$A22,'02_核算项'!$M$2:$M$6232,"PM10") -> 0.096255 | L22: =SUMIFS('02_核算项'!$AC$2:$AC$6232,'02_核算项'!$B$2:$B$6232,$A22,'02_核算项'!$M$2:$M$6232,"PM25") -> 0.096255 | M22: =SUMIFS('02_核算项'!$AC$2:$AC$6232,'02_核算项'!$B$2:$B$6232,$A22,'02_核算项'!$M$2:$M$6232,"BC") -> 0.0019251 | N22: =SUMIFS('02_核算项'!$AC$2:$AC$6232,'02_核算项'!$B$2:$B$6232,$A22,'02_核算项'!$M$2:$M$6232,"OC") -> 0.0077004 | O22: =SUMIFS('02_核算项'!$AC$2:$AC$6232,'02_核算项'!$B$2:$B$6232,$A22,'02_核算项'!$M$2:$M$6232,"NH3") -> 0 | P22: =SUMIFS('02_核算项'!$AD$2:$AD$6232,'02_核算项'!$B$2:$B$6232,$A22,'02_核算项'!$M$2:$M$6232,"SO2") -> 0.115506 | Q22: =SUMIFS('02_核算项'!$AD$2:$AD$6232,'02_核算项'!$B$2:$B$6232,$A22,'02_核算项'!$M$2:$M$6232,"NOX") -> 0.9972018 | R22: =SUMIFS('02_核算项'!$AD$2:$AD$6232,'02_核算项'!$B$2:$B$6232,$A22,'02_核算项'!$M$2:$M$6232,"CO") -> 0.115506 | S22: =SUMIFS('02_核算项'!$AD$2:$AD$6232,'02_核算项'!$B$2:$B$6232,$A22,'02_核算项'!$M$2:$M$6232,"VOCS") -> 0.0250263 | T22: =SUMIFS('02_核算项'!$AD$2:$AD$6232,'02_核算项'!$B$2:$B$6232,$A22,'02_核算项'!$M$2:$M$6232,"PM10") -> 0.005294025 | U22: =SUMIFS('02_核算项'!$AD$2:$AD$6232,'02_核算项'!$B$2:$B$6232,$A22,'02_核算项'!$M$2:$M$6232,"PM25") -> 0.005294025 | V22: =SUMIFS('02_核算项'!$AD$2:$AD$6232,'02_核算项'!$B$2:$B$6232,$A22,'02_核算项'!$M$2:$M$6232,"BC") -> 0.0001058805 | W22: =SUMIFS('02_核算项'!$AD$2:$AD$6232,'02_核算项'!$B$2:$B$6232,$A22,'02_核算项'!$M$2:$M$6232,"OC") -> 0.000423522 | Y22: 46
A23: SRC-RAW-08ED845850C20B09F0BA | B23: ENT-5BE6AD7A2247 | C23: 佛山市 | D23: 4412 | E23: 燃煤锅炉 | F23: DA001 | G23: =SUMIFS('02_核算项'!$AC$2:$AC$6232,'02_核算项'!$B$2:$B$6232,$A23,'02_核算项'!$M$2:$M$6232,"SO2") -> 7994.7824 | H23: =SUMIFS('02_核算项'!$AC$2:$AC$6232,'02_核算项'!$B$2:$B$6232,$A23,'02_核算项'!$M$2:$M$6232,"NOX") -> 5076.7718 | I23: =SUMIFS('02_核算项'!$AC$2:$AC$6232,'02_核算项'!$B$2:$B$6232,$A23,'02_核算项'!$M$2:$M$6232,"CO") -> 1133.208 | J23: =SUMIFS('02_核算项'!$AC$2:$AC$6232,'02_核算项'!$B$2:$B$6232,$A23,'02_核算项'!$M$2:$M$6232,"VOCS") -> 22.66416 | K23: =SUMIFS('02_核算项'!$AC$2:$AC$6232,'02_核算项'!$B$2:$B$6232,$A23,'02_核算项'!$M$2:$M$6232,"PM10") -> 21043.248 | L23: =SUMIFS('02_核算项'!$AC$2:$AC$6232,'02_核算项'!$B$2:$B$6232,$A23,'02_核算项'!$M$2:$M$6232,"PM25") -> 5489.5429 | M23: =SUMIFS('02_核算项'!$AC$2:$AC$6232,'02_核算项'!$B$2:$B$6232,$A23,'02_核算项'!$M$2:$M$6232,"BC") -> 10.979086 | N23: =SUMIFS('02_核算项'!$AC$2:$AC$6232,'02_核算项'!$B$2:$B$6232,$A23,'02_核算项'!$M$2:$M$6232,"OC") -> 0 | O23: =SUMIFS('02_核算项'!$AC$2:$AC$6232,'02_核算项'!$B$2:$B$6232,$A23,'02_核算项'!$M$2:$M$6232,"NH3") -> 90.65664 | P23: =SUMIFS('02_核算项'!$AD$2:$AD$6232,'02_核算项'!$B$2:$B$6232,$A23,'02_核算项'!$M$2:$M$6232,"SO2") -> 1598.9565 | Q23: =SUMIFS('02_核算项'!$AD$2:$AD$6232,'02_核算项'!$B$2:$B$6232,$A23,'02_核算项'!$M$2:$M$6232,"NOX") -> 1827.6379 | R23: =SUMIFS('02_核算项'!$AD$2:$AD$6232,'02_核算项'!$B$2:$B$6232,$A23,'02_核算项'!$M$2:$M$6232,"CO") -> 1133.208 | S23: =SUMIFS('02_核算项'!$AD$2:$AD$6232,'02_核算项'!$B$2:$B$6232,$A23,'02_核算项'!$M$2:$M$6232,"VOCS") -> 22.66416 | T23: =SUMIFS('02_核算项'!$AD$2:$AD$6232,'02_核算项'!$B$2:$B$6232,$A23,'02_核算项'!$M$2:$M$6232,"PM10") -> 375.11876 | U23: =SUMIFS('02_核算项'!$AD$2:$AD$6232,'02_核算项'!$B$2:$B$6232,$A23,'02_核算项'!$M$2:$M$6232,"PM25") -> 219.58171 | V23: =SUMIFS('02_核算项'!$AD$2:$AD$6232,'02_核算项'!$B$2:$B$6232,$A23,'02_核算项'!$M$2:$M$6232,"BC") -> 0.43916343 | W23: =SUMIFS('02_核算项'!$AD$2:$AD$6232,'02_核算项'!$B$2:$B$6232,$A23,'02_核算项'!$M$2:$M$6232,"OC") -> 0 | X23: =SUMIFS('02_核算项'!$AD$2:$AD$6232,'02_核算项'!$B$2:$B$6232,$A23,'02_核算项'!$M$2:$M$6232,"NH3") -> 90.65664 | Y23: 15
A24: SRC-RAW-094CC43E62D48F0DFC4D | B24: ENT-2986A656CC83 | C24: 佛山市 | D24: 4412 | E24: 燃煤锅炉 | F24: DA001 | G24: =SUMIFS('02_核算项'!$AC$2:$AC$6232,'02_核算项'!$B$2:$B$6232,$A24,'02_核算项'!$M$2:$M$6232,"SO2") -> 3334.2632 | H24: =SUMIFS('02_核算项'!$AC$2:$AC$6232,'02_核算项'!$B$2:$B$6232,$A24,'02_核算项'!$M$2:$M$6232,"NOX") -> 3625.9484 | I24: =SUMIFS('02_核算项'!$AC$2:$AC$6232,'02_核算项'!$B$2:$B$6232,$A24,'02_核算项'!$M$2:$M$6232,"CO") -> 1005.8109 | J24: =SUMIFS('02_核算项'!$AC$2:$AC$6232,'02_核算项'!$B$2:$B$6232,$A24,'02_核算项'!$M$2:$M$6232,"VOCS") -> 20.116218 | K24: =SUMIFS('02_核算项'!$AC$2:$AC$6232,'02_核算项'!$B$2:$B$6232,$A24,'02_核算项'!$M$2:$M$6232,"PM10") -> 6723.2174 | L24: =SUMIFS('02_核算项'!$AC$2:$AC$6232,'02_核算项'!$B$2:$B$6232,$A24,'02_核算项'!$M$2:$M$6232,"PM25") -> 1753.8828 | M24: =SUMIFS('02_核算项'!$AC$2:$AC$6232,'02_核算项'!$B$2:$B$6232,$A24,'02_核算项'!$M$2:$M$6232,"BC") -> 3.5077656 | N24: =SUMIFS('02_核算项'!$AC$2:$AC$6232,'02_核算项'!$B$2:$B$6232,$A24,'02_核算项'!$M$2:$M$6232,"OC") -> 0 | O24: =SUMIFS('02_核算项'!$AC$2:$AC$6232,'02_核算项'!$B$2:$B$6232,$A24,'02_核算项'!$M$2:$M$6232,"NH3") -> 80.464874 | P24: =SUMIFS('02_核算项'!$AD$2:$AD$6232,'02_核算项'!$B$2:$B$6232,$A24,'02_核算项'!$M$2:$M$6232,"SO2") -> 2000.5579 | Q24: =SUMIFS('02_核算项'!$AD$2:$AD$6232,'02_核算项'!$B$2:$B$6232,$A24,'02_核算项'!$M$2:$M$6232,"NOX") -> 1305.3414 | R24: =SUMIFS('02_核算项'!$AD$2:$AD$6232,'02_核算项'!$B$2:$B$6232,$A24,'02_核算项'!$M$2:$M$6232,"CO") -> 1005.8109 | S24: =SUMIFS('02_核算项'!$AD$2:$AD$6232,'02_核算项'!$B$2:$B$6232,$A24,'02_核算项'!$M$2:$M$6232,"VOCS") -> 20.116218 | T24: =SUMIFS('02_核算项'!$AD$2:$AD$6232,'02_核算项'!$B$2:$B$6232,$A24,'02_核算项'!$M$2:$M$6232,"PM10") -> 119.84866 | U24: =SUMIFS('02_核算项'!$AD$2:$AD$6232,'02_核算项'!$B$2:$B$6232,$A24,'02_核算项'!$M$2:$M$6232,"PM25") -> 70.155312 | V24: =SUMIFS('02_核算项'!$AD$2:$AD$6232,'02_核算项'!$B$2:$B$6232,$A24,'02_核算项'!$M$2:$M$6232,"BC") -> 0.14031062 | W24: =SUMIFS('02_核算项'!$AD$2:$AD$6232,'02_核算项'!$B$2:$B$6232,$A24,'02_核算项'!$M$2:$M$6232,"OC") -> 0 | X24: =SUMIFS('02_核算项'!$AD$2:$AD$6232,'02_核算项'!$B$2:$B$6232,$A24,'02_核算项'!$M$2:$M$6232,"NH3") -> 80.464874 | Y24: 16
A25: SRC-RAW-09CC07AB1163C70FFAC1 | B25: ENT-203EC5A1B7AE | C25: 广州市 | D25: 4417 | E25: 燃气轮机 | F25: DA004 | G25: =SUMIFS('02_核算项'!$AC$2:$AC$6232,'02_核算项'!$B$2:$B$6232,$A25,'02_核算项'!$M$2:$M$6232,"SO2") -> 0 | H25: =SUMIFS('02_核算项'!$AC$2:$AC$6232,'02_核算项'!$B$2:$B$6232,$A25,'02_核算项'!$M$2:$M$6232,"NOX") -> 0.5249475 | I25: =SUMIFS('02_核算项'!$AC$2:$AC$6232,'02_核算项'!$B$2:$B$6232,$A25,'02_核算项'!$M$2:$M$6232,"CO") -> 0.505505 | J25: =SUMIFS('02_核算项'!$AC$2:$AC$6232,'02_核算项'!$B$2:$B$6232,$A25,'02_核算项'!$M$2:$M$6232,"VOCS") -> 0.007777 | K25: =SUMIFS('02_核算项'!$AC$2:$AC$6232,'02_核算项'!$B$2:$B$6232,$A25,'02_核算项'!$M$2:$M$6232,"PM10") -> 0.0116655 | L25: =SUMIFS('02_核算项'!$AC$2:$AC$6232,'02_核算项'!$B$2:$B$6232,$A25,'02_核算项'!$M$2:$M$6232,"PM25") -> 0.0116655 | M25: =SUMIFS('02_核算项'!$AC$2:$AC$6232,'02_核算项'!$B$2:$B$6232,$A25,'02_核算项'!$M$2:$M$6232,"BC") -> 0 | N25: =SUMIFS('02_核算项'!$AC$2:$AC$6232,'02_核算项'!$B$2:$B$6232,$A25,'02_核算项'!$M$2:$M$6232,"OC") -> 0 | O25: =SUMIFS('02_核算项'!$AC$2:$AC$6232,'02_核算项'!$B$2:$B$6232,$A25,'02_核算项'!$M$2:$M$6232,"NH3") -> 0 | P25: =SUMIFS('02_核算项'!$AD$2:$AD$6232,'02_核算项'!$B$2:$B$6232,$A25,'02_核算项'!$M$2:$M$6232,"SO2") -> 0 | Q25: =SUMIFS('02_核算项'!$AD$2:$AD$6232,'02_核算项'!$B$2:$B$6232,$A25,'02_核算项'!$M$2:$M$6232,"NOX") -> 0.5249475 | R25: =SUMIFS('02_核算项'!$AD$2:$AD$6232,'02_核算项'!$B$2:$B$6232,$A25,'02_核算项'!$M$2:$M$6232,"CO") -> 0.505505 | S25: =SUMIFS('02_核算项'!$AD$2:$AD$6232,'02_核算项'!$B$2:$B$6232,$A25,'02_核算项'!$M$2:$M$6232,"VOCS") -> 0.007777 | T25: =SUMIFS('02_核算项'!$AD$2:$AD$6232,'02_核算项'!$B$2:$B$6232,$A25,'02_核算项'!$M$2:$M$6232,"PM10") -> 0.0116655 | U25: =SUMIFS('02_核算项'!$AD$2:$AD$6232,'02_核算项'!$B$2:$B$6232,$A25,'02_核算项'!$M$2:$M$6232,"PM25") -> 0.0116655 | V25: =SUMIFS('02_核算项'!$AD$2:$AD$6232,'02_核算项'!$B$2:$B$6232,$A25,'02_核算项'!$M$2:$M$6232,"BC") -> 0 | W25: =SUMIFS('02_核算项'!$AD$2:$AD$6232,'02_核算项'!$B$2:$B$6232,$A25,'02_核算项'!$M$2:$M$6232,"OC") -> 0 | X25: =SUMIFS('02_核算项'!$AD$2:$AD$6232,'02_核算项'!$B$2:$B$6232,$A25,'02_核算项'!$M$2:$M$6232,"NH3") -> 0 | Y25: 33
A26: SRC-RAW-0A8630DDA10E683839D8 | B26: ENT-D25D1E9D9792 | C26: 中山市 | D26: 4417 | E26: 燃生物质锅炉 | F26: DA001 | G26: =SUMIFS('02_核算项'!$AC$2:$AC$6232,'02_核算项'!$B$2:$B$6232,$A26,'02_核算项'!$M$2:$M$6232,"SO2") -> 0 | H26: =SUMIFS('02_核算项'!$AC$2:$AC$6232,'02_核算项'!$B$2:$B$6232,$A26,'02_核算项'!$M$2:$M$6232,"NOX") -> 0 | I26: =SUMIFS('02_核算项'!$AC$2:$AC$6232,'02_核算项'!$B$2:$B$6232,$A26,'02_核算项'!$M$2:$M$6232,"CO") -> 0 | J26: =SUMIFS('02_核算项'!$AC$2:$AC$6232,'02_核算项'!$B$2:$B$6232,$A26,'02_核算项'!$M$2:$M$6232,"VOCS") -> 0 | K26: =SUMIFS('02_核算项'!$AC$2:$AC$6232,'02_核算项'!$B$2:$B$6232,$A26,'02_核算项'!$M$2:$M$6232,"PM10") -> 0 | L26: =SUMIFS('02_核算项'!$AC$2:$AC$6232,'02_核算项'!$B$2:$B$6232,$A26,'02_核算项'!$M$2:$M$6232,"PM25") -> 0 | M26: =SUMIFS('02_核算项'!$AC$2:$AC$6232,'02_核算项'!$B$2:$B$6232,$A26,'02_核算项'!$M$2:$M$6232,"BC") -> 0 | N26: =SUMIFS('02_核算项'!$AC$2:$AC$6232,'02_核算项'!$B$2:$B$6232,$A26,'02_核算项'!$M$2:$M$6232,"OC") -> 0 | O26: =SUMIFS('02_核算项'!$AC$2:$AC$6232,'02_核算项'!$B$2:$B$6232,$A26,'02_核算项'!$M$2:$M$6232,"NH3") -> 0 | Y26: 32
A27: SRC-RAW-0AABDC67D57CBEAD439E | B27: ENT-96A099CCB316 | C27: 韶关市 | D27: 4417 | E27: 燃生物质锅炉 | F27: DA001 | G27: =SUMIFS('02_核算项'!$AC$2:$AC$6232,'02_核算项'!$B$2:$B$6232,$A27,'02_核算项'!$M$2:$M$6232,"SO2") -> 0 | H27: =SUMIFS('02_核算项'!$AC$2:$AC$6232,'02_核算项'!$B$2:$B$6232,$A27,'02_核算项'!$M$2:$M$6232,"NOX") -> 0 | I27: =SUMIFS('02_核算项'!$AC$2:$AC$6232,'02_核算项'!$B$2:$B$6232,$A27,'02_核算项'!$M$2:$M$6232,"CO") -> 0 | J27: =SUMIFS('02_核算项'!$AC$2:$AC$6232,'02_核算项'!$B$2:$B$6232,$A27,'02_核算项'!$M$2:$M$6232,"VOCS") -> 0 | K27: =SUMIFS('02_核算项'!$AC$2:$AC$6232,'02_核算项'!$B$2:$B$6232,$A27,'02_核算项'!$M$2:$M$6232,"PM10") -> 0 | L27: =SUMIFS('02_核算项'!$AC$2:$AC$6232,'02_核算项'!$B$2:$B$6232,$A27,'02_核算项'!$M$2:$M$6232,"PM25") -> 0 | M27: =SUMIFS('02_核算项'!$AC$2:$AC$6232,'02_核算项'!$B$2:$B$6232,$A27,'02_核算项'!$M$2:$M$6232,"BC") -> 0 | N27: =SUMIFS('02_核算项'!$AC$2:$AC$6232,'02_核算项'!$B$2:$B$6232,$A27,'02_核算项'!$M$2:$M$6232,"OC") -> 0 | O27: =SUMIFS('02_核算项'!$AC$2:$AC$6232,'02_核算项'!$B$2:$B$6232,$A27,'02_核算项'!$M$2:$M$6232,"NH3") -> 0 | P27: =SUMIFS('02_核算项'!$AD$2:$AD$6232,'02_核算项'!$B$2:$B$6232,$A27,'02_核算项'!$M$2:$M$6232,"SO2") -> 0 | Q27: =SUMIFS('02_核算项'!$AD$2:$AD$6232,'02_核算项'!$B$2:$B$6232,$A27,'02_核算项'!$M$2:$M$6232,"NOX") -> 0 | R27: =SUMIFS('02_核算项'!$AD$2:$AD$6232,'02_核算项'!$B$2:$B$6232,$A27,'02_核算项'!$M$2:$M$6232,"CO") -> 0 | S27: =SUMIFS('02_核算项'!$AD$2:$AD$6232,'02_核算项'!$B$2:$B$6232,$A27,'02_核算项'!$M$2:$M$6232,"VOCS") -> 0 | T27: =SUMIFS('02_核算项'!$AD$2:$AD$6232,'02_核算项'!$B$2:$B$6232,$A27,'02_核算项'!$M$2:$M$6232,"PM10") -> 0 | U27: =SUMIFS('02_核算项'!$AD$2:$AD$6232,'02_核算项'!$B$2:$B$6232,$A27,'02_核算项'!$M$2:$M$6232,"PM25") -> 0 | V27: =SUMIFS('02_核算项'!$AD$2:$AD$6232,'02_核算项'!$B$2:$B$6232,$A27,'02_核算项'!$M$2:$M$6232,"BC") -> 0 | W27: =SUMIFS('02_核算项'!$AD$2:$AD$6232,'02_核算项'!$B$2:$B$6232,$A27,'02_核算项'!$M$2:$M$6232,"OC") -> 0 | Y27: 58
A28: SRC-RAW-0AC3DFF43E5B17928155 | B28: ENT-3ECB47F335D8 | C28: 中山市 | D28: 4412 | E28: 燃气轮机 | F28: DA001 | G28: =SUMIFS('02_核算项'!$AC$2:$AC$6232,'02_核算项'!$B$2:$B$6232,$A28,'02_核算项'!$M$2:$M$6232,"SO2") -> 0 | H28: =SUMIFS('02_核算项'!$AC$2:$AC$6232,'02_核算项'!$B$2:$B$6232,$A28,'02_核算项'!$M$2:$M$6232,"NOX") -> 499.45019 | I28: =SUMIFS('02_核算项'!$AC$2:$AC$6232,'02_核算项'!$B$2:$B$6232,$A28,'02_核算项'!$M$2:$M$6232,"CO") -> 158.36226 | J28: =SUMIFS('02_核算项'!$AC$2:$AC$6232,'02_核算项'!$B$2:$B$6232,$A28,'02_核算项'!$M$2:$M$6232,"VOCS") -> 2.4363424 | K28: =SUMIFS('02_核算项'!$AC$2:$AC$6232,'02_核算项'!$B$2:$B$6232,$A28,'02_核算项'!$M$2:$M$6232,"PM10") -> 3.6545136 | L28: =SUMIFS('02_核算项'!$AC$2:$AC$6232,'02_核算项'!$B$2:$B$6232,$A28,'02_核算项'!$M$2:$M$6232,"PM25") -> 3.6545136 | M28: =SUMIFS('02_核算项'!$AC$2:$AC$6232,'02_核算项'!$B$2:$B$6232,$A28,'02_核算项'!$M$2:$M$6232,"BC") -> 0 | N28: =SUMIFS('02_核算项'!$AC$2:$AC$6232,'02_核算项'!$B$2:$B$6232,$A28,'02_核算项'!$M$2:$M$6232,"OC") -> 0 | O28: =SUMIFS('02_核算项'!$AC$2:$AC$6232,'02_核算项'!$B$2:$B$6232,$A28,'02_核算项'!$M$2:$M$6232,"NH3") -> 0 | P28: =SUMIFS('02_核算项'!$AD$2:$AD$6232,'02_核算项'!$B$2:$B$6232,$A28,'02_核算项'!$M$2:$M$6232,"SO2") -> 0 | Q28: =SUMIFS('02_核算项'!$AD$2:$AD$6232,'02_核算项'!$B$2:$B$6232,$A28,'02_核算项'!$M$2:$M$6232,"NOX") -> 389.57115 | R28: =SUMIFS('02_核算项'!$AD$2:$AD$6232,'02_核算项'!$B$2:$B$6232,$A28,'02_核算项'!$M$2:$M$6232,"CO") -> 158.36226 | S28: =SUMIFS('02_核算项'!$AD$2:$AD$6232,'02_核算项'!$B$2:$B$6232,$A28,'02_核算项'!$M$2:$M$6232,"VOCS") -> 2.4363424 | T28: =SUMIFS('02_核算项'!$AD$2:$AD$6232,'02_核算项'!$B$2:$B$6232,$A28,'02_核算项'!$M$2:$M$6232,"PM10") -> 3.6545136 | U28: =SUMIFS('02_核算项'!$AD$2:$AD$6232,'02_核算项'!$B$2:$B$6232,$A28,'02_核算项'!$M$2:$M$6232,"PM25") -> 3.6545136 | V28: =SUMIFS('02_核算项'!$AD$2:$AD$6232,'02_核算项'!$B$2:$B$6232,$A28,'02_核算项'!$M$2:$M$6232,"BC") -> 0 | W28: =SUMIFS('02_核算项'!$AD$2:$AD$6232,'02_核算项'!$B$2:$B$6232,$A28,'02_核算项'!$M$2:$M$6232,"OC") -> 0 | X28: =SUMIFS('02_核算项'!$AD$2:$AD$6232,'02_核算项'!$B$2:$B$6232,$A28,'02_核算项'!$M$2:$M$6232,"NH3") -> 0 | Y28: 32
A29: SRC-RAW-0AF6331A11D3D11BD4D1 | B29: ENT-DEBDADE7A9BF | C29: 汕头市 | D29: 4417 | E29: 燃生物质锅炉 | F29: DA005 | G29: =SUMIFS('02_核算项'!$AC$2:$AC$6232,'02_核算项'!$B$2:$B$6232,$A29,'02_核算项'!$M$2:$M$6232,"SO2") -> 0 | H29: =SUMIFS('02_核算项'!$AC$2:$AC$6232,'02_核算项'!$B$2:$B$6232,$A29,'02_核算项'!$M$2:$M$6232,"NOX") -> 0 | I29: =SUMIFS('02_核算项'!$AC$2:$AC$6232,'02_核算项'!$B$2:$B$6232,$A29,'02_核算项'!$M$2:$M$6232,"CO") -> 0 | J29: =SUMIFS('02_核算项'!$AC$2:$AC$6232,'02_核算项'!$B$2:$B$6232,$A29,'02_核算项'!$M$2:$M$6232,"VOCS") -> 0 | K29: =SUMIFS('02_核算项'!$AC$2:$AC$6232,'02_核算项'!$B$2:$B$6232,$A29,'02_核算项'!$M$2:$M$6232,"PM10") -> 0 | L29: =SUMIFS('02_核算项'!$AC$2:$AC$6232,'02_核算项'!$B$2:$B$6232,$A29,'02_核算项'!$M$2:$M$6232,"PM25") -> 0 | M29: =SUMIFS('02_核算项'!$AC$2:$AC$6232,'02_核算项'!$B$2:$B$6232,$A29,'02_核算项'!$M$2:$M$6232,"BC") -> 0 | N29: =SUMIFS('02_核算项'!$AC$2:$AC$6232,'02_核算项'!$B$2:$B$6232,$A29,'02_核算项'!$M$2:$M$6232,"OC") -> 0 | O29: =SUMIFS('02_核算项'!$AC$2:$AC$6232,'02_核算项'!$B$2:$B$6232,$A29,'02_核算项'!$M$2:$M$6232,"NH3") -> 0 | X29: =SUMIFS('02_核算项'!$AD$2:$AD$6232,'02_核算项'!$B$2:$B$6232,$A29,'02_核算项'!$M$2:$M$6232,"NH3") -> 0 | Y29: 44
A30: SRC-RAW-0BE9435BF40121D62373 | B30: ENT-D5101AE3502B | C30: 广州市 | D30: 4417 | E30: 燃气锅炉 | F30: DA013 | G30: =SUMIFS('02_核算项'!$AC$2:$AC$6232,'02_核算项'!$B$2:$B$6232,$A30,'02_核算项'!$M$2:$M$6232,"SO2") -> 0 | H30: =SUMIFS('02_核算项'!$AC$2:$AC$6232,'02_核算项'!$B$2:$B$6232,$A30,'02_核算项'!$M$2:$M$6232,"NOX") -> 0 | I30: =SUMIFS('02_核算项'!$AC$2:$AC$6232,'02_核算项'!$B$2:$B$6232,$A30,'02_核算项'!$M$2:$M$6232,"CO") -> 0 | J30: =SUMIFS('02_核算项'!$AC$2:$AC$6232,'02_核算项'!$B$2:$B$6232,$A30,'02_核算项'!$M$2:$M$6232,"VOCS") -> 0 | K30: =SUMIFS('02_核算项'!$AC$2:$AC$6232,'02_核算项'!$B$2:$B$6232,$A30,'02_核算项'!$M$2:$M$6232,"PM10") -> 0 | L30: =SUMIFS('02_核算项'!$AC$2:$AC$6232,'02_核算项'!$B$2:$B$6232,$A30,'02_核算项'!$M$2:$M$6232,"PM25") -> 0 | M30: =SUMIFS('02_核算项'!$AC$2:$AC$6232,'02_核算项'!$B$2:$B$6232,$A30,'02_核算项'!$M$2:$M$6232,"BC") -> 0 | N30: =SUMIFS('02_核算项'!$AC$2:$AC$6232,'02_核算项'!$B$2:$B$6232,$A30,'02_核算项'!$M$2:$M$6232,"OC") -> 0 | O30: =SUMIFS('02_核算项'!$AC$2:$AC$6232,'02_核算项'!$B$2:$B$6232,$A30,'02_核算项'!$M$2:$M$6232,"NH3") -> 0 | X30: =SUMIFS('02_核算项'!$AD$2:$AD$6232,'02_核算项'!$B$2:$B$6232,$A30,'02_核算项'!$M$2:$M$6232,"NH3") -> 0 | Y30: 48
A31: SRC-RAW-0BF4CB61A653A4369038 | B31: ENT-E2EC46B8F4DD | C31: 珠海市 | D31: 4430 | F31: DA001 | G31: =SUMIFS('02_核算项'!$AC$2:$AC$6232,'02_核算项'!$B$2:$B$6232,$A31,'02_核算项'!$M$2:$M$6232,"SO2") -> 0 | H31: =SUMIFS('02_核算项'!$AC$2:$AC$6232,'02_核算项'!$B$2:$B$6232,$A31,'02_核算项'!$M$2:$M$6232,"NOX") -> 0 | I31: =SUMIFS('02_核算项'!$AC$2:$AC$6232,'02_核算项'!$B$2:$B$6232,$A31,'02_核算项'!$M$2:$M$6232,"CO") -> 0 | J31: =SUMIFS('02_核算项'!$AC$2:$AC$6232,'02_核算项'!$B$2:$B$6232,$A31,'02_核算项'!$M$2:$M$6232,"VOCS") -> 0 | K31: =SUMIFS('02_核算项'!$AC$2:$AC$6232,'02_核算项'!$B$2:$B$6232,$A31,'02_核算项'!$M$2:$M$6232,"PM10") -> 0 | L31: =SUMIFS('02_核算项'!$AC$2:$AC$6232,'02_核算项'!$B$2:$B$6232,$A31,'02_核算项'!$M$2:$M$6232,"PM25") -> 0 | M31: =SUMIFS('02_核算项'!$AC$2:$AC$6232,'02_核算项'!$B$2:$B$6232,$A31,'02_核算项'!$M$2:$M$6232,"BC") -> 0 | N31: =SUMIFS('02_核算项'!$AC$2:$AC$6232,'02_核算项'!$B$2:$B$6232,$A31,'02_核算项'!$M$2:$M$6232,"OC") -> 0 | O31: =SUMIFS('02_核算项'!$AC$2:$AC$6232,'02_核算项'!$B$2:$B$6232,$A31,'02_核算项'!$M$2:$M$6232,"NH3") -> 0 | Y31: 57
A32: SRC-RAW-0C312A4EA2E22E53B8D0 | B32: ENT-823F9FCA917D | C32: 河源市 | D32: 4411 | E32: 燃煤锅炉 | F32: DA001 | G32: =SUMIFS('02_核算项'!$AC$2:$AC$6232,'02_核算项'!$B$2:$B$6232,$A32,'02_核算项'!$M$2:$M$6232,"SO2") -> 20356.165 | H32: =SUMIFS('02_核算项'!$AC$2:$AC$6232,'02_核算项'!$B$2:$B$6232,$A32,'02_核算项'!$M$2:$M$6232,"NOX") -> 13080.923 | I32: =SUMIFS('02_核算项'!$AC$2:$AC$6232,'02_核算项'!$B$2:$B$6232,$A32,'02_核算项'!$M$2:$M$6232,"CO") -> 3628.55 | J32: =SUMIFS('02_核算项'!$AC$2:$AC$6232,'02_核算项'!$B$2:$B$6232,$A32,'02_核算项'!$M$2:$M$6232,"VOCS") -> 72.571 | K32: =SUMIFS('02_核算项'!$AC$2:$AC$6232,'02_核算项'!$B$2:$B$6232,$A32,'02_核算项'!$M$2:$M$6232,"PM10") -> 46881.773 | L32: =SUMIFS('02_核算项'!$AC$2:$AC$6232,'02_核算项'!$B$2:$B$6232,$A32,'02_核算项'!$M$2:$M$6232,"PM25") -> 12230.028 | M32: =SUMIFS('02_核算项'!$AC$2:$AC$6232,'02_核算项'!$B$2:$B$6232,$A32,'02_核算项'!$M$2:$M$6232,"BC") -> 24.460056 | N32: =SUMIFS('02_核算项'!$AC$2:$AC$6232,'02_核算项'!$B$2:$B$6232,$A32,'02_核算项'!$M$2:$M$6232,"OC") -> 0 | O32: =SUMIFS('02_核算项'!$AC$2:$AC$6232,'02_核算项'!$B$2:$B$6232,$A32,'02_核算项'!$M$2:$M$6232,"NH3") -> 0 | P32: =SUMIFS('02_核算项'!$AD$2:$AD$6232,'02_核算项'!$B$2:$B$6232,$A32,'02_核算项'!$M$2:$M$6232,"SO2") -> 20356.165 | Q32: =SUMIFS('02_核算项'!$AD$2:$AD$6232,'02_核算项'!$B$2:$B$6232,$A32,'02_核算项'!$M$2:$M$6232,"NOX") -> 10203.12 | R32: =SUMIFS('02_核算项'!$AD$2:$AD$6232,'02_核算项'!$B$2:$B$6232,$A32,'02_核算项'!$M$2:$M$6232,"CO") -> 3628.55 | S32: =SUMIFS('02_核算项'!$AD$2:$AD$6232,'02_核算项'!$B$2:$B$6232,$A32,'02_核算项'!$M$2:$M$6232,"VOCS") -> 72.571 | T32: =SUMIFS('02_核算项'!$AD$2:$AD$6232,'02_核算项'!$B$2:$B$6232,$A32,'02_核算项'!$M$2:$M$6232,"PM10") -> 46881.773 | U32: =SUMIFS('02_核算项'!$AD$2:$AD$6232,'02_核算项'!$B$2:$B$6232,$A32,'02_核算项'!$M$2:$M$6232,"PM25") -> 12230.028 | V32: =SUMIFS('02_核算项'!$AD$2:$AD$6232,'02_核算项'!$B$2:$B$6232,$A32,'02_核算项'!$M$2:$M$6232,"BC") -> 24.460056 | W32: =SUMIFS('02_核算项'!$AD$2:$AD$6232,'02_核算项'!$B$2:$B$6232,$A32,'02_核算项'!$M$2:$M$6232,"OC") -> 0 | X32: =SUMIFS('02_核算项'!$AD$2:$AD$6232,'02_核算项'!$B$2:$B$6232,$A32,'02_核算项'!$M$2:$M$6232,"NH3") -> 0 | Y32: 41
A33: SRC-RAW-0C5EB7447E404E0508DD | B33: ENT-D55845C921A2 | C33: 广州市 | D33: 4411 | E33: 余热利用锅炉 | F33: DA001 | G33: =SUMIFS('02_核算项'!$AC$2:$AC$6232,'02_核算项'!$B$2:$B$6232,$A33,'02_核算项'!$M$2:$M$6232,"SO2") -> 0 | H33: =SUMIFS('02_核算项'!$AC$2:$AC$6232,'02_核算项'!$B$2:$B$6232,$A33,'02_核算项'!$M$2:$M$6232,"NOX") -> 1508.193 | I33: =SUMIFS('02_核算项'!$AC$2:$AC$6232,'02_核算项'!$B$2:$B$6232,$A33,'02_核算项'!$M$2:$M$6232,"CO") -> 478.20752 | J33: =SUMIFS('02_核算项'!$AC$2:$AC$6232,'02_核算项'!$B$2:$B$6232,$A33,'02_核算项'!$M$2:$M$6232,"VOCS") -> 7.3570388 | K33: =SUMIFS('02_核算项'!$AC$2:$AC$6232,'02_核算项'!$B$2:$B$6232,$A33,'02_核算项'!$M$2:$M$6232,"PM10") -> 11.035558 | L33: =SUMIFS('02_核算项'!$AC$2:$AC$6232,'02_核算项'!$B$2:$B$6232,$A33,'02_核算项'!$M$2:$M$6232,"PM25") -> 11.035558 | M33: =SUMIFS('02_核算项'!$AC$2:$AC$6232,'02_核算项'!$B$2:$B$6232,$A33,'02_核算项'!$M$2:$M$6232,"BC") -> 0 | N33: =SUMIFS('02_核算项'!$AC$2:$AC$6232,'02_核算项'!$B$2:$B$6232,$A33,'02_核算项'!$M$2:$M$6232,"OC") -> 0 | O33: =SUMIFS('02_核算项'!$AC$2:$AC$6232,'02_核算项'!$B$2:$B$6232,$A33,'02_核算项'!$M$2:$M$6232,"NH3") -> 0 | P33: =SUMIFS('02_核算项'!$AD$2:$AD$6232,'02_核算项'!$B$2:$B$6232,$A33,'02_核算项'!$M$2:$M$6232,"SO2") -> 0 | Q33: =SUMIFS('02_核算项'!$AD$2:$AD$6232,'02_核算项'!$B$2:$B$6232,$A33,'02_核算项'!$M$2:$M$6232,"NOX") -> 542.94946 | R33: =SUMIFS('02_核算项'!$AD$2:$AD$6232,'02_核算项'!$B$2:$B$6232,$A33,'02_核算项'!$M$2:$M$6232,"CO") -> 478.20752 | S33: =SUMIFS('02_核算项'!$AD$2:$AD$6232,'02_核算项'!$B$2:$B$6232,$A33,'02_核算项'!$M$2:$M$6232,"VOCS") -> 7.3570388 | T33: =SUMIFS('02_核算项'!$AD$2:$AD$6232,'02_核算项'!$B$2:$B$6232,$A33,'02_核算项'!$M$2:$M$6232,"PM10") -> 4.74529 | U33: =SUMIFS('02_核算项'!$AD$2:$AD$6232,'02_核算项'!$B$2:$B$6232,$A33,'02_核算项'!$M$2:$M$6232,"PM25") -> 4.74529 | V33: =SUMIFS('02_核算项'!$AD$2:$AD$6232,'02_核算项'!$B$2:$B$6232,$A33,'02_核算项'!$M$2:$M$6232,"BC") -> 0 | W33: =SUMIFS('02_核算项'!$AD$2:$AD$6232,'02_核算项'!$B$2:$B$6232,$A33,'02_核算项'!$M$2:$M$6232,"OC") -> 0 | Y33: 29
A34: SRC-RAW-0CE8D8ABDD013A9A4978 | B34: ENT-1ACDAC9362C7 | C34: 茂名市 | D34: 4412 | E34: 燃煤锅炉 | F34: DA001 | G34: =SUMIFS('02_核算项'!$AC$2:$AC$6232,'02_核算项'!$B$2:$B$6232,$A34,'02_核算项'!$M$2:$M$6232,"SO2") -> 1431.5904 | H34: =SUMIFS('02_核算项'!$AC$2:$AC$6232,'02_核算项'!$B$2:$B$6232,$A34,'02_核算项'!$M$2:$M$6232,"NOX") -> 1178.9568 | I34: =SUMIFS('02_核算项'!$AC$2:$AC$6232,'02_核算项'!$B$2:$B$6232,$A34,'02_核算项'!$M$2:$M$6232,"CO") -> 263.16 | J34: =SUMIFS('02_核算项'!$AC$2:$AC$6232,'02_核算项'!$B$2:$B$6232,$A34,'02_核算项'!$M$2:$M$6232,"VOCS") -> 5.2632 | K34: =SUMIFS('02_核算项'!$AC$2:$AC$6232,'02_核算项'!$B$2:$B$6232,$A34,'02_核算项'!$M$2:$M$6232,"PM10") -> 4786.5646 | L34: =SUMIFS('02_核算项'!$AC$2:$AC$6232,'02_核算项'!$B$2:$B$6232,$A34,'02_核算项'!$M$2:$M$6232,"PM25") -> 1155.3777 | M34: =SUMIFS('02_核算项'!$AC$2:$AC$6232,'02_核算项'!$B$2:$B$6232,$A34,'02_核算项'!$M$2:$M$6232,"BC") -> 2.3107553 | N34: =SUMIFS('02_核算项'!$AC$2:$AC$6232,'02_核算项'!$B$2:$B$6232,$A34,'02_核算项'!$M$2:$M$6232,"OC") -> 0 | O34: =SUMIFS('02_核算项'!$AC$2:$AC$6232,'02_核算项'!$B$2:$B$6232,$A34,'02_核算项'!$M$2:$M$6232,"NH3") -> 0 | P34: =SUMIFS('02_核算项'!$AD$2:$AD$6232,'02_核算项'!$B$2:$B$6232,$A34,'02_核算项'!$M$2:$M$6232,"SO2") -> 286.31808 | Q34: =SUMIFS('02_核算项'!$AD$2:$AD$6232,'02_核算项'!$B$2:$B$6232,$A34,'02_核算项'!$M$2:$M$6232,"NOX") -> 919.5863 | R34: =SUMIFS('02_核算项'!$AD$2:$AD$6232,'02_核算项'!$B$2:$B$6232,$A34,'02_核算项'!$M$2:$M$6232,"CO") -> 263.16 | S34: =SUMIFS('02_核算项'!$AD$2:$AD$6232,'02_核算项'!$B$2:$B$6232,$A34,'02_核算项'!$M$2:$M$6232,"VOCS") -> 5.2632 | T34: =SUMIFS('02_核算项'!$AD$2:$AD$6232,'02_核算项'!$B$2:$B$6232,$A34,'02_核算项'!$M$2:$M$6232,"PM10") -> 1404.6091 | U34: =SUMIFS('02_核算项'!$AD$2:$AD$6232,'02_核算项'!$B$2:$B$6232,$A34,'02_核算项'!$M$2:$M$6232,"PM25") -> 496.8124 | V34: =SUMIFS('02_核算项'!$AD$2:$AD$6232,'02_核算项'!$B$2:$B$6232,$A34,'02_核算项'!$M$2:$M$6232,"BC") -> 0.99362479 | W34: =SUMIFS('02_核算项'!$AD$2:$AD$6232,'02_核算项'!$B$2:$B$6232,$A34,'02_核算项'!$M$2:$M$6232,"OC") -> 0 | X34: =SUMIFS('02_核算项'!$AD$2:$AD$6232,'02_核算项'!$B$2:$B$6232,$A34,'02_核算项'!$M$2:$M$6232,"NH3") -> 0 | Y34: 28
A35: SRC-RAW-0CF0D8335C0BB992C611 | B35: ENT-B67C8B043D5A | C35: 梅州市 | D35: 4411 | E35: 燃煤锅炉 | F35: DA001 | G35: =SUMIFS('02_核算项'!$AC$2:$AC$6232,'02_核算项'!$B$2:$B$6232,$A35,'02_核算项'!$M$2:$M$6232,"SO2") -> 17773.959 | H35: =SUMIFS('02_核算项'!$AC$2:$AC$6232,'02_核算项'!$B$2:$B$6232,$A35,'02_核算项'!$M$2:$M$6232,"NOX") -> 8974.1068 | I35: =SUMIFS('02_核算项'!$AC$2:$AC$6232,'02_核算项'!$B$2:$B$6232,$A35,'02_核算项'!$M$2:$M$6232,"CO") -> 2489.35 | J35: =SUMIFS('02_核算项'!$AC$2:$AC$6232,'02_核算项'!$B$2:$B$6232,$A35,'02_核算项'!$M$2:$M$6232,"VOCS") -> 49.787 | K35: =SUMIFS('02_核算项'!$AC$2:$AC$6232,'02_核算项'!$B$2:$B$6232,$A35,'02_核算项'!$M$2:$M$6232,"PM10") -> 40085.692 | L35: =SUMIFS('02_核算项'!$AC$2:$AC$6232,'02_核算项'!$B$2:$B$6232,$A35,'02_核算项'!$M$2:$M$6232,"PM25") -> 10457.137 | M35: =SUMIFS('02_核算项'!$AC$2:$AC$6232,'02_核算项'!$B$2:$B$6232,$A35,'02_核算项'!$M$2:$M$6232,"BC") -> 20.914274 | N35: =SUMIFS('02_核算项'!$AC$2:$AC$6232,'02_核算项'!$B$2:$B$6232,$A35,'02_核算项'!$M$2:$M$6232,"OC") -> 0 | O35: =SUMIFS('02_核算项'!$AC$2:$AC$6232,'02_核算项'!$B$2:$B$6232,$A35,'02_核算项'!$M$2:$M$6232,"NH3") -> 199.148 | P35: =SUMIFS('02_核算项'!$AD$2:$AD$6232,'02_核算项'!$B$2:$B$6232,$A35,'02_核算项'!$M$2:$M$6232,"SO2") -> 3554.7918 | Q35: =SUMIFS('02_核算项'!$AD$2:$AD$6232,'02_核算项'!$B$2:$B$6232,$A35,'02_核算项'!$M$2:$M$6232,"NOX") -> 3230.6784 | R35: =SUMIFS('02_核算项'!$AD$2:$AD$6232,'02_核算项'!$B$2:$B$6232,$A35,'02_核算项'!$M$2:$M$6232,"CO") -> 2489.35 | S35: =SUMIFS('02_核算项'!$AD$2:$AD$6232,'02_核算项'!$B$2:$B$6232,$A35,'02_核算项'!$M$2:$M$6232,"VOCS") -> 49.787 | T35: =SUMIFS('02_核算项'!$AD$2:$AD$6232,'02_核算项'!$B$2:$B$6232,$A35,'02_核算项'!$M$2:$M$6232,"PM10") -> 714.57103 | U35: =SUMIFS('02_核算项'!$AD$2:$AD$6232,'02_核算项'!$B$2:$B$6232,$A35,'02_核算项'!$M$2:$M$6232,"PM25") -> 418.28548 | V35: =SUMIFS('02_核算项'!$AD$2:$AD$6232,'02_核算项'!$B$2:$B$6232,$A35,'02_核算项'!$M$2:$M$6232,"BC") -> 0.83657096 | W35: =SUMIFS('02_核算项'!$AD$2:$AD$6232,'02_核算项'!$B$2:$B$6232,$A35,'02_核算项'!$M$2:$M$6232,"OC") -> 0 | X35: =SUMIFS('02_核算项'!$AD$2:$AD$6232,'02_核算项'!$B$2:$B$6232,$A35,'02_核算项'!$M$2:$M$6232,"NH3") -> 199.148 | Y35: 16
A36: SRC-RAW-0D262D8A4A3A8915D725 | B36: ENT-3AE72C9075FA | C36: 东莞市 | D36: 4417 | E36: 燃生物质锅炉 | F36: DA001 | G36: =SUMIFS('02_核算项'!$AC$2:$AC$6232,'02_核算项'!$B$2:$B$6232,$A36,'02_核算项'!$M$2:$M$6232,"SO2") -> 0 | H36: =SUMIFS('02_核算项'!$AC$2:$AC$6232,'02_核算项'!$B$2:$B$6232,$A36,'02_核算项'!$M$2:$M$6232,"NOX") -> 0 | I36: =SUMIFS('02_核算项'!$AC$2:$AC$6232,'02_核算项'!$B$2:$B$6232,$A36,'02_核算项'!$M$2:$M$6232,"CO") -> 0 | J36: =SUMIFS('02_核算项'!$AC$2:$AC$6232,'02_核算项'!$B$2:$B$6232,$A36,'02_核算项'!$M$2:$M$6232,"VOCS") -> 0 | K36: =SUMIFS('02_核算项'!$AC$2:$AC$6232,'02_核算项'!$B$2:$B$6232,$A36,'02_核算项'!$M$2:$M$6232,"PM10") -> 0 | L36: =SUMIFS('02_核算项'!$AC$2:$AC$6232,'02_核算项'!$B$2:$B$6232,$A36,'02_核算项'!$M$2:$M$6232,"PM25") -> 0 | M36: =SUMIFS('02_核算项'!$AC$2:$AC$6232,'02_核算项'!$B$2:$B$6232,$A36,'02_核算项'!$M$2:$M$6232,"BC") -> 0 | N36: =SUMIFS('02_核算项'!$AC$2:$AC$6232,'02_核算项'!$B$2:$B$6232,$A36,'02_核算项'!$M$2:$M$6232,"OC") -> 0 | O36: =SUMIFS('02_核算项'!$AC$2:$AC$6232,'02_核算项'!$B$2:$B$6232,$A36,'02_核算项'!$M$2:$M$6232,"NH3") -> 0 | Y36: 32
A37: SRC-RAW-0DFDA30AD817180A387D | B37: ENT-3AE72C9075FA | C37: 东莞市 | D37: 4417 | E37: 燃生物质锅炉 | F37: DA004 | G37: =SUMIFS('02_核算项'!$AC$2:$AC$6232,'02_核算项'!$B$2:$B$6232,$A37,'02_核算项'!$M$2:$M$6232,"SO2") -> 0 | H37: =SUMIFS('02_核算项'!$AC$2:$AC$6232,'02_核算项'!$B$2:$B$6232,$A37,'02_核算项'!$M$2:$M$6232,"NOX") -> 0 | I37: =SUMIFS('02_核算项'!$AC$2:$AC$6232,'02_核算项'!$B$2:$B$6232,$A37,'02_核算项'!$M$2:$M$6232,"CO") -> 0 | J37: =SUMIFS('02_核算项'!$AC$2:$AC$6232,'02_核算项'!$B$2:$B$6232,$A37,'02_核算项'!$M$2:$M$6232,"VOCS") -> 0 | K37: =SUMIFS('02_核算项'!$AC$2:$AC$6232,'02_核算项'!$B$2:$B$6232,$A37,'02_核算项'!$M$2:$M$6232,"PM10") -> 0 | L37: =SUMIFS('02_核算项'!$AC$2:$AC$6232,'02_核算项'!$B$2:$B$6232,$A37,'02_核算项'!$M$2:$M$6232,"PM25") -> 0 | M37: =SUMIFS('02_核算项'!$AC$2:$AC$6232,'02_核算项'!$B$2:$B$6232,$A37,'02_核算项'!$M$2:$M$6232,"BC") -> 0 | N37: =SUMIFS('02_核算项'!$AC$2:$AC$6232,'02_核算项'!$B$2:$B$6232,$A37,'02_核算项'!$M$2:$M$6232,"OC") -> 0 | O37: =SUMIFS('02_核算项'!$AC$2:$AC$6232,'02_核算项'!$B$2:$B$6232,$A37,'02_核算项'!$M$2:$M$6232,"NH3") -> 0 | Y37: 32
A38: SRC-RAW-0E55BDF55B378E70243D | B38: ENT-A27F3F9F4E86 | C38: 惠州市 | D38: 4412 | E38: 燃气轮机 | F38: DA008 | G38: =SUMIFS('02_核算项'!$AC$2:$AC$6232,'02_核算项'!$B$2:$B$6232,$A38,'02_核算项'!$M$2:$M$6232,"SO2") -> 0 | H38: =SUMIFS('02_核算项'!$AC$2:$AC$6232,'02_核算项'!$B$2:$B$6232,$A38,'02_核算项'!$M$2:$M$6232,"NOX") -> 1028.6962 | I38: =SUMIFS('02_核算项'!$AC$2:$AC$6232,'02_核算项'!$B$2:$B$6232,$A38,'02_核算项'!$M$2:$M$6232,"CO") -> 326.17198 | J38: =SUMIFS('02_核算项'!$AC$2:$AC$6232,'02_核算项'!$B$2:$B$6232,$A38,'02_核算项'!$M$2:$M$6232,"VOCS") -> 5.0180304 | K38: =SUMIFS('02_核算项'!$AC$2:$AC$6232,'02_核算项'!$B$2:$B$6232,$A38,'02_核算项'!$M$2:$M$6232,"PM10") -> 7.5270456 | L38: =SUMIFS('02_核算项'!$AC$2:$AC$6232,'02_核算项'!$B$2:$B$6232,$A38,'02_核算项'!$M$2:$M$6232,"PM25") -> 7.5270456 | M38: =SUMIFS('02_核算项'!$AC$2:$AC$6232,'02_核算项'!$B$2:$B$6232,$A38,'02_核算项'!$M$2:$M$6232,"BC") -> 0 | N38: =SUMIFS('02_核算项'!$AC$2:$AC$6232,'02_核算项'!$B$2:$B$6232,$A38,'02_核算项'!$M$2:$M$6232,"OC") -> 0 | O38: =SUMIFS('02_核算项'!$AC$2:$AC$6232,'02_核算项'!$B$2:$B$6232,$A38,'02_核算项'!$M$2:$M$6232,"NH3") -> 0 | P38: =SUMIFS('02_核算项'!$AD$2:$AD$6232,'02_核算项'!$B$2:$B$6232,$A38,'02_核算项'!$M$2:$M$6232,"SO2") -> 0 | Q38: =SUMIFS('02_核算项'!$AD$2:$AD$6232,'02_核算项'!$B$2:$B$6232,$A38,'02_核算项'!$M$2:$M$6232,"NOX") -> 370.33064 | R38: =SUMIFS('02_核算项'!$AD$2:$AD$6232,'02_核算项'!$B$2:$B$6232,$A38,'02_核算项'!$M$2:$M$6232,"CO") -> 326.17198 | S38: =SUMIFS('02_核算项'!$AD$2:$AD$6232,'02_核算项'!$B$2:$B$6232,$A38,'02_核算项'!$M$2:$M$6232,"VOCS") -> 5.0180304 | T38: =SUMIFS('02_核算项'!$AD$2:$AD$6232,'02_核算项'!$B$2:$B$6232,$A38,'02_核算项'!$M$2:$M$6232,"PM10") -> 3.2366296 | U38: =SUMIFS('02_核算项'!$AD$2:$AD$6232,'02_核算项'!$B$2:$B$6232,$A38,'02_核算项'!$M$2:$M$6232,"PM25") -> 3.2366296 | V38: =SUMIFS('02_核算项'!$AD$2:$AD$6232,'02_核算项'!$B$2:$B$6232,$A38,'02_核算项'!$M$2:$M$6232,"BC") -> 0 | W38: =SUMIFS('02_核算项'!$AD$2:$AD$6232,'02_核算项'!$B$2:$B$6232,$A38,'02_核算项'!$M$2:$M$6232,"OC") -> 0 | Y38: 29
A39: SRC-RAW-0EA1C3FA4810EDBD34F9 | B39: ENT-7A22B476513C | C39: 佛山市 | D39: 4412 | E39: 燃煤锅炉 | F39: DA001 | G39: =SUMIFS('02_核算项'!$AC$2:$AC$6232,'02_核算项'!$B$2:$B$6232,$A39,'02_核算项'!$M$2:$M$6232,"SO2") -> 10908.637 | H39: =SUMIFS('02_核算项'!$AC$2:$AC$6232,'02_核算项'!$B$2:$B$6232,$A39,'02_核算项'!$M$2:$M$6232,"NOX") -> 7462.1698 | I39: =SUMIFS('02_核算项'!$AC$2:$AC$6232,'02_核算项'!$B$2:$B$6232,$A39,'02_核算项'!$M$2:$M$6232,"CO") -> 2069.95 | J39: =SUMIFS('02_核算项'!$AC$2:$AC$6232,'02_核算项'!$B$2:$B$6232,$A39,'02_核算项'!$M$2:$M$6232,"VOCS") -> 41.399 | K39: =SUMIFS('02_核算项'!$AC$2:$AC$6232,'02_核算项'!$B$2:$B$6232,$A39,'02_核算项'!$M$2:$M$6232,"PM10") -> 28636.723 | L39: =SUMIFS('02_核算项'!$AC$2:$AC$6232,'02_核算项'!$B$2:$B$6232,$A39,'02_核算项'!$M$2:$M$6232,"PM25") -> 7470.4495 | M39: =SUMIFS('02_核算项'!$AC$2:$AC$6232,'02_核算项'!$B$2:$B$6232,$A39,'02_核算项'!$M$2:$M$6232,"BC") -> 14.940899 | N39: =SUMIFS('02_核算项'!$AC$2:$AC$6232,'02_核算项'!$B$2:$B$6232,$A39,'02_核算项'!$M$2:$M$6232,"OC") -> 0 | O39: =SUMIFS('02_核算项'!$AC$2:$AC$6232,'02_核算项'!$B$2:$B$6232,$A39,'02_核算项'!$M$2:$M$6232,"NH3") -> 165.596 | P39: =SUMIFS('02_核算项'!$AD$2:$AD$6232,'02_核算项'!$B$2:$B$6232,$A39,'02_核算项'!$M$2:$M$6232,"SO2") -> 2181.7273 | Q39: =SUMIFS('02_核算项'!$AD$2:$AD$6232,'02_核算项'!$B$2:$B$6232,$A39,'02_核算项'!$M$2:$M$6232,"NOX") -> 2686.3811 | R39: =SUMIFS('02_核算项'!$AD$2:$AD$6232,'02_核算项'!$B$2:$B$6232,$A39,'02_核算项'!$M$2:$M$6232,"CO") -> 2069.95 | S39: =SUMIFS('02_核算项'!$AD$2:$AD$6232,'02_核算项'!$B$2:$B$6232,$A39,'02_核算项'!$M$2:$M$6232,"VOCS") -> 41.399 | T39: =SUMIFS('02_核算项'!$AD$2:$AD$6232,'02_核算项'!$B$2:$B$6232,$A39,'02_核算项'!$M$2:$M$6232,"PM10") -> 510.48072 | U39: =SUMIFS('02_核算项'!$AD$2:$AD$6232,'02_核算项'!$B$2:$B$6232,$A39,'02_核算项'!$M$2:$M$6232,"PM25") -> 298.81798 | V39: =SUMIFS('02_核算项'!$AD$2:$AD$6232,'02_核算项'!$B$2:$B$6232,$A39,'02_核算项'!$M$2:$M$6232,"BC") -> 0.59763596 | W39: =SUMIFS('02_核算项'!$AD$2:$AD$6232,'02_核算项'!$B$2:$B$6232,$A39,'02_核算项'!$M$2:$M$6232,"OC") -> 0 | X39: =SUMIFS('02_核算项'!$AD$2:$AD$6232,'02_核算项'!$B$2:$B$6232,$A39,'02_核算项'!$M$2:$M$6232,"NH3") -> 165.596 | Y39: 16
A40: SRC-RAW-0EDF476F349CE5ADE9B6 | B40: ENT-765C2FE97B73 | C40: 东莞市 | D40: 4411 | E40: 燃气轮机 | F40: DA001 | G40: =SUMIFS('02_核算项'!$AC$2:$AC$6232,'02_核算项'!$B$2:$B$6232,$A40,'02_核算项'!$M$2:$M$6232,"SO2") -> 0 | H40: =SUMIFS('02_核算项'!$AC$2:$AC$6232,'02_核算项'!$B$2:$B$6232,$A40,'02_核算项'!$M$2:$M$6232,"NOX") -> 126.58504 | I40: =SUMIFS('02_核算项'!$AC$2:$AC$6232,'02_核算项'!$B$2:$B$6232,$A40,'02_核算项'!$M$2:$M$6232,"CO") -> 40.13672 | J40: =SUMIFS('02_核算项'!$AC$2:$AC$6232,'02_核算项'!$B$2:$B$6232,$A40,'02_核算项'!$M$2:$M$6232,"VOCS") -> 0.617488 | K40: =SUMIFS('02_核算项'!$AC$2:$AC$6232,'02_核算项'!$B$2:$B$6232,$A40,'02_核算项'!$M$2:$M$6232,"PM10") -> 0.926232 | L40: =SUMIFS('02_核算项'!$AC$2:$AC$6232,'02_核算项'!$B$2:$B$6232,$A40,'02_核算项'!$M$2:$M$6232,"PM25") -> 0.926232 | M40: =SUMIFS('02_核算项'!$AC$2:$AC$6232,'02_核算项'!$B$2:$B$6232,$A40,'02_核算项'!$M$2:$M$6232,"BC") -> 0 | N40: =SUMIFS('02_核算项'!$AC$2:$AC$6232,'02_核算项'!$B$2:$B$6232,$A40,'02_核算项'!$M$2:$M$6232,"OC") -> 0 | O40: =SUMIFS('02_核算项'!$AC$2:$AC$6232,'02_核算项'!$B$2:$B$6232,$A40,'02_核算项'!$M$2:$M$6232,"NH3") -> 0 | P40: =SUMIFS('02_核算项'!$AD$2:$AD$6232,'02_核算项'!$B$2:$B$6232,$A40,'02_核算项'!$M$2:$M$6232,"SO2") -> 0 | Q40: =SUMIFS('02_核算项'!$AD$2:$AD$6232,'02_核算项'!$B$2:$B$6232,$A40,'02_核算项'!$M$2:$M$6232,"NOX") -> 98.736331 | R40: =SUMIFS('02_核算项'!$AD$2:$AD$6232,'02_核算项'!$B$2:$B$6232,$A40,'02_核算项'!$M$2:$M$6232,"CO") -> 40.13672 | S40: =SUMIFS('02_核算项'!$AD$2:$AD$6232,'02_核算项'!$B$2:$B$6232,$A40,'02_核算项'!$M$2:$M$6232,"VOCS") -> 0.617488 | T40: =SUMIFS('02_核算项'!$AD$2:$AD$6232,'02_核算项'!$B$2:$B$6232,$A40,'02_核算项'!$M$2:$M$6232,"PM10") -> 0.926232 | U40: =SUMIFS('02_核算项'!$AD$2:$AD$6232,'02_核算项'!$B$2:$B$6232,$A40,'02_核算项'!$M$2:$M$6232,"PM25") -> 0.926232 | V40: =SUMIFS('02_核算项'!$AD$2:$AD$6232,'02_核算项'!$B$2:$B$6232,$A40,'02_核算项'!$M$2:$M$6232,"BC") -> 0 | W40: =SUMIFS('02_核算项'!$AD$2:$AD$6232,'02_核算项'!$B$2:$B$6232,$A40,'02_核算项'!$M$2:$M$6232,"OC") -> 0 | X40: =SUMIFS('02_核算项'!$AD$2:$AD$6232,'02_核算项'!$B$2:$B$6232,$A40,'02_核算项'!$M$2:$M$6232,"NH3") -> 0 | Y40: 41
A41: SRC-RAW-0EF47272983579D66EA4 | B41: ENT-A88969AE085D | C41: 肇庆市 | D41: 4417 | E41: 余热利用锅炉 | F41: DA001 | G41: =SUMIFS('02_核算项'!$AC$2:$AC$6232,'02_核算项'!$B$2:$B$6232,$A41,'02_核算项'!$M$2:$M$6232,"SO2") -> 0 | H41: =SUMIFS('02_核算项'!$AC$2:$AC$6232,'02_核算项'!$B$2:$B$6232,$A41,'02_核算项'!$M$2:$M$6232,"NOX") -> 0 | I41: =SUMIFS('02_核算项'!$AC$2:$AC$6232,'02_核算项'!$B$2:$B$6232,$A41,'02_核算项'!$M$2:$M$6232,"CO") -> 0 | J41: =SUMIFS('02_核算项'!$AC$2:$AC$6232,'02_核算项'!$B$2:$B$6232,$A41,'02_核算项'!$M$2:$M$6232,"VOCS") -> 0 | K41: =SUMIFS('02_核算项'!$AC$2:$AC$6232,'02_核算项'!$B$2:$B$6232,$A41,'02_核算项'!$M$2:$M$6232,"PM10") -> 0 | L41: =SUMIFS('02_核算项'!$AC$2:$AC$6232,'02_核算项'!$B$2:$B$6232,$A41,'02_核算项'!$M$2:$M$6232,"PM25") -> 0 | M41: =SUMIFS('02_核算项'!$AC$2:$AC$6232,'02_核算项'!$B$2:$B$6232,$A41,'02_核算项'!$M$2:$M$6232,"BC") -> 0 | N41: =SUMIFS('02_核算项'!$AC$2:$AC$6232,'02_核算项'!$B$2:$B$6232,$A41,'02_核算项'!$M$2:$M$6232,"OC") -> 0 | O41: =SUMIFS('02_核算项'!$AC$2:$AC$6232,'02_核算项'!$B$2:$B$6232,$A41,'02_核算项'!$M$2:$M$6232,"NH3") -> 0 | Y41: 32
A42: SRC-RAW-0F78070620303CB1FC66 | B42: ENT-1BA854A6C7D8 | C42: 广州市 | D42: 4417 | E42: 燃生物质锅炉 | F42: DA004 | G42: =SUMIFS('02_核算项'!$AC$2:$AC$6232,'02_核算项'!$B$2:$B$6232,$A42,'02_核算项'!$M$2:$M$6232,"SO2") -> 0.621903 | H42: =SUMIFS('02_核算项'!$AC$2:$AC$6232,'02_核算项'!$B$2:$B$6232,$A42,'02_核算项'!$M$2:$M$6232,"NOX") -> 1.5340274 | I42: =SUMIFS('02_核算项'!$AC$2:$AC$6232,'02_核算项'!$B$2:$B$6232,$A42,'02_核算项'!$M$2:$M$6232,"CO") -> 0.1243806 | J42: =SUMIFS('02_核算项'!$AC$2:$AC$6232,'02_核算项'!$B$2:$B$6232,$A42,'02_核算项'!$M$2:$M$6232,"VOCS") -> 0.02694913 | K42: =SUMIFS('02_核算项'!$AC$2:$AC$6232,'02_核算项'!$B$2:$B$6232,$A42,'02_核算项'!$M$2:$M$6232,"PM10") -> 0.1036505 | L42: =SUMIFS('02_核算项'!$AC$2:$AC$6232,'02_核算项'!$B$2:$B$6232,$A42,'02_核算项'!$M$2:$M$6232,"PM25") -> 0.1036505 | M42: =SUMIFS('02_核算项'!$AC$2:$AC$6232,'02_核算项'!$B$2:$B$6232,$A42,'02_核算项'!$M$2:$M$6232,"BC") -> 0.00207301 | N42: =SUMIFS('02_核算项'!$AC$2:$AC$6232,'02_核算项'!$B$2:$B$6232,$A42,'02_核算项'!$M$2:$M$6232,"OC") -> 0.00829204 | O42: =SUMIFS('02_核算项'!$AC$2:$AC$6232,'02_核算项'!$B$2:$B$6232,$A42,'02_核算项'!$M$2:$M$6232,"NH3") -> 0 | P42: =SUMIFS('02_核算项'!$AD$2:$AD$6232,'02_核算项'!$B$2:$B$6232,$A42,'02_核算项'!$M$2:$M$6232,"SO2") -> 0.1243806 | Q42: =SUMIFS('02_核算项'!$AD$2:$AD$6232,'02_核算项'!$B$2:$B$6232,$A42,'02_核算项'!$M$2:$M$6232,"NOX") -> 1.0738192 | R42: =SUMIFS('02_核算项'!$AD$2:$AD$6232,'02_核算项'!$B$2:$B$6232,$A42,'02_核算项'!$M$2:$M$6232,"CO") -> 0.1243806 | S42: =SUMIFS('02_核算项'!$AD$2:$AD$6232,'02_核算项'!$B$2:$B$6232,$A42,'02_核算项'!$M$2:$M$6232,"VOCS") -> 0.02694913 | T42: =SUMIFS('02_核算项'!$AD$2:$AD$6232,'02_核算项'!$B$2:$B$6232,$A42,'02_核算项'!$M$2:$M$6232,"PM10") -> 0.0057007775 | U42: =SUMIFS('02_核算项'!$AD$2:$AD$6232,'02_核算项'!$B$2:$B$6232,$A42,'02_核算项'!$M$2:$M$6232,"PM25") -> 0.0057007775 | V42: =SUMIFS('02_核算项'!$AD$2:$AD$6232,'02_核算项'!$B$2:$B$6232,$A42,'02_核算项'!$M$2:$M$6232,"BC") -> 0.00011401555 | W42: =SUMIFS('02_核算项'!$AD$2:$AD$6232,'02_核算项'!$B$2:$B$6232,$A42,'02_核算项'!$M$2:$M$6232,"OC") -> 0.0004560622 | Y42: 46
A43: SRC-RAW-0FB380EDC0CB23D20FB6 | B43: ENT-CE2ECFFA0B93 | C43: 惠州市 | D43: 4417 | E43: 燃生物质锅炉 | F43: DA003 | G43: =SUMIFS('02_核算项'!$AC$2:$AC$6232,'02_核算项'!$B$2:$B$6232,$A43,'02_核算项'!$M$2:$M$6232,"SO2") -> 0 | H43: =SUMIFS('02_核算项'!$AC$2:$AC$6232,'02_核算项'!$B$2:$B$6232,$A43,'02_核算项'!$M$2:$M$6232,"NOX") -> 0 | I43: =SUMIFS('02_核算项'!$AC$2:$AC$6232,'02_核算项'!$B$2:$B$6232,$A43,'02_核算项'!$M$2:$M$6232,"CO") -> 0 | J43: =SUMIFS('02_核算项'!$AC$2:$AC$6232,'02_核算项'!$B$2:$B$6232,$A43,'02_核算项'!$M$2:$M$6232,"VOCS") -> 0 | K43: =SUMIFS('02_核算项'!$AC$2:$AC$6232,'02_核算项'!$B$2:$B$6232,$A43,'02_核算项'!$M$2:$M$6232,"PM10") -> 0 | L43: =SUMIFS('02_核算项'!$AC$2:$AC$6232,'02_核算项'!$B$2:$B$6232,$A43,'02_核算项'!$M$2:$M$6232,"PM25") -> 0 | M43: =SUMIFS('02_核算项'!$AC$2:$AC$6232,'02_核算项'!$B$2:$B$6232,$A43,'02_核算项'!$M$2:$M$6232,"BC") -> 0 | N43: =SUMIFS('02_核算项'!$AC$2:$AC$6232,'02_核算项'!$B$2:$B$6232,$A43,'02_核算项'!$M$2:$M$6232,"OC") -> 0 | O43: =SUMIFS('02_核算项'!$AC$2:$AC$6232,'02_核算项'!$B$2:$B$6232,$A43,'02_核算项'!$M$2:$M$6232,"NH3") -> 0 | Y43: 32
A44: SRC-RAW-0FD603FE496911B6B2BD | B44: ENT-77C624B82BC9 | C44: 珠海市 | D44: 4417 | E44: 燃生物质锅炉 | F44: DA001 | G44: =SUMIFS('02_核算项'!$AC$2:$AC$6232,'02_核算项'!$B$2:$B$6232,$A44,'02_核算项'!$M$2:$M$6232,"SO2") -> 0 | H44: =SUMIFS('02_核算项'!$AC$2:$AC$6232,'02_核算项'!$B$2:$B$6232,$A44,'02_核算项'!$M$2:$M$6232,"NOX") -> 0 | I44: =SUMIFS('02_核算项'!$AC$2:$AC$6232,'02_核算项'!$B$2:$B$6232,$A44,'02_核算项'!$M$2:$M$6232,"CO") -> 0 | J44: =SUMIFS('02_核算项'!$AC$2:$AC$6232,'02_核算项'!$B$2:$B$6232,$A44,'02_核算项'!$M$2:$M$6232,"VOCS") -> 0 | K44: =SUMIFS('02_核算项'!$AC$2:$AC$6232,'02_核算项'!$B$2:$B$6232,$A44,'02_核算项'!$M$2:$M$6232,"PM10") -> 0 | L44: =SUMIFS('02_核算项'!$AC$2:$AC$6232,'02_核算项'!$B$2:$B$6232,$A44,'02_核算项'!$M$2:$M$6232,"PM25") -> 0 | M44: =SUMIFS('02_核算项'!$AC$2:$AC$6232,'02_核算项'!$B$2:$B$6232,$A44,'02_核算项'!$M$2:$M$6232,"BC") -> 0 | N44: =SUMIFS('02_核算项'!$AC$2:$AC$6232,'02_核算项'!$B$2:$B$6232,$A44,'02_核算项'!$M$2:$M$6232,"OC") -> 0 | O44: =SUMIFS('02_核算项'!$AC$2:$AC$6232,'02_核算项'!$B$2:$B$6232,$A44,'02_核算项'!$M$2:$M$6232,"NH3") -> 0 | X44: =SUMIFS('02_核算项'!$AD$2:$AD$6232,'02_核算项'!$B$2:$B$6232,$A44,'02_核算项'!$M$2:$M$6232,"NH3") -> 0 | Y44: 58
A45: SRC-RAW-0FD82B1672C4D5D5BD9F | B45: ENT-0ACC73BB16FC | C45: 韶关市 | D45: 4411 | E45: 燃煤锅炉 | F45: DA002 | G45: =SUMIFS('02_核算项'!$AC$2:$AC$6232,'02_核算项'!$B$2:$B$6232,$A45,'02_核算项'!$M$2:$M$6232,"SO2") -> 27639.142 | H45: =SUMIFS('02_核算项'!$AC$2:$AC$6232,'02_核算项'!$B$2:$B$6232,$A45,'02_核算项'!$M$2:$M$6232,"NOX") -> 11419.93 | I45: =SUMIFS('02_核算项'!$AC$2:$AC$6232,'02_核算项'!$B$2:$B$6232,$A45,'02_核算项'!$M$2:$M$6232,"CO") -> 3167.8032 | J45: =SUMIFS('02_核算项'!$AC$2:$AC$6232,'02_核算项'!$B$2:$B$6232,$A45,'02_核算项'!$M$2:$M$6232,"VOCS") -> 63.356063 | K45: =SUMIFS('02_核算项'!$AC$2:$AC$6232,'02_核算项'!$B$2:$B$6232,$A45,'02_核算项'!$M$2:$M$6232,"PM10") -> 121691.29 | L45: =SUMIFS('02_核算项'!$AC$2:$AC$6232,'02_核算项'!$B$2:$B$6232,$A45,'02_核算项'!$M$2:$M$6232,"PM25") -> 29373.76 | M45: =SUMIFS('02_核算项'!$AC$2:$AC$6232,'02_核算项'!$B$2:$B$6232,$A45,'02_核算项'!$M$2:$M$6232,"BC") -> 58.74752 | N45: =SUMIFS('02_核算项'!$AC$2:$AC$6232,'02_核算项'!$B$2:$B$6232,$A45,'02_核算项'!$M$2:$M$6232,"OC") -> 0 | O45: =SUMIFS('02_核算项'!$AC$2:$AC$6232,'02_核算项'!$B$2:$B$6232,$A45,'02_核算项'!$M$2:$M$6232,"NH3") -> 0 | P45: =SUMIFS('02_核算项'!$AD$2:$AD$6232,'02_核算项'!$B$2:$B$6232,$A45,'02_核算项'!$M$2:$M$6232,"SO2") -> 27639.142 | Q45: =SUMIFS('02_核算项'!$AD$2:$AD$6232,'02_核算项'!$B$2:$B$6232,$A45,'02_核算项'!$M$2:$M$6232,"NOX") -> 8907.5457 | R45: =SUMIFS('02_核算项'!$AD$2:$AD$6232,'02_核算项'!$B$2:$B$6232,$A45,'02_核算项'!$M$2:$M$6232,"CO") -> 3167.8032 | S45: =SUMIFS('02_核算项'!$AD$2:$AD$6232,'02_核算项'!$B$2:$B$6232,$A45,'02_核算项'!$M$2:$M$6232,"VOCS") -> 63.356063 | T45: =SUMIFS('02_核算项'!$AD$2:$AD$6232,'02_核算项'!$B$2:$B$6232,$A45,'02_核算项'!$M$2:$M$6232,"PM10") -> 121691.29 | U45: =SUMIFS('02_核算项'!$AD$2:$AD$6232,'02_核算项'!$B$2:$B$6232,$A45,'02_核算项'!$M$2:$M$6232,"PM25") -> 29373.76 | V45: =SUMIFS('02_核算项'!$AD$2:$AD$6232,'02_核算项'!$B$2:$B$6232,$A45,'02_核算项'!$M$2:$M$6232,"BC") -> 58.74752 | W45: =SUMIFS('02_核算项'!$AD$2:$AD$6232,'02_核算项'!$B$2:$B$6232,$A45,'02_核算项'!$M$2:$M$6232,"OC") -> 0 | X45: =SUMIFS('02_核算项'!$AD$2:$AD$6232,'02_核算项'!$B$2:$B$6232,$A45,'02_核算项'!$M$2:$M$6232,"NH3") -> 0 | Y45: 80
A46: SRC-RAW-10245DCA80053978E850 | B46: ENT-CDA6E6DB538E | C46: 揭阳市 | D46: 4417 | E46: 燃气轮机 | F46: DA006 | G46: =SUMIFS('02_核算项'!$AC$2:$AC$6232,'02_核算项'!$B$2:$B$6232,$A46,'02_核算项'!$M$2:$M$6232,"SO2") -> 0 | H46: =SUMIFS('02_核算项'!$AC$2:$AC$6232,'02_核算项'!$B$2:$B$6232,$A46,'02_核算项'!$M$2:$M$6232,"NOX") -> 0 | I46: =SUMIFS('02_核算项'!$AC$2:$AC$6232,'02_核算项'!$B$2:$B$6232,$A46,'02_核算项'!$M$2:$M$6232,"CO") -> 0 | J46: =SUMIFS('02_核算项'!$AC$2:$AC$6232,'02_核算项'!$B$2:$B$6232,$A46,'02_核算项'!$M$2:$M$6232,"VOCS") -> 0 | K46: =SUMIFS('02_核算项'!$AC$2:$AC$6232,'02_核算项'!$B$2:$B$6232,$A46,'02_核算项'!$M$2:$M$6232,"PM10") -> 0 | L46: =SUMIFS('02_核算项'!$AC$2:$AC$6232,'02_核算项'!$B$2:$B$6232,$A46,'02_核算项'!$M$2:$M$6232,"PM25") -> 0 | M46: =SUMIFS('02_核算项'!$AC$2:$AC$6232,'02_核算项'!$B$2:$B$6232,$A46,'02_核算项'!$M$2:$M$6232,"BC") -> 0 | N46: =SUMIFS('02_核算项'!$AC$2:$AC$6232,'02_核算项'!$B$2:$B$6232,$A46,'02_核算项'!$M$2:$M$6232,"OC") -> 0 | O46: =SUMIFS('02_核算项'!$AC$2:$AC$6232,'02_核算项'!$B$2:$B$6232,$A46,'02_核算项'!$M$2:$M$6232,"NH3") -> 0 | P46: =SUMIFS('02_核算项'!$AD$2:$AD$6232,'02_核算项'!$B$2:$B$6232,$A46,'02_核算项'!$M$2:$M$6232,"SO2") -> 0 | Q46: =SUMIFS('02_核算项'!$AD$2:$AD$6232,'02_核算项'!$B$2:$B$6232,$A46,'02_核算项'!$M$2:$M$6232,"NOX") -> 0 | R46: =SUMIFS('02_核算项'!$AD$2:$AD$6232,'02_核算项'!$B$2:$B$6232,$A46,'02_核算项'!$M$2:$M$6232,"CO") -> 0 | S46: =SUMIFS('02_核算项'!$AD$2:$AD$6232,'02_核算项'!$B$2:$B$6232,$A46,'02_核算项'!$M$2:$M$6232,"VOCS") -> 0 | T46: =SUMIFS('02_核算项'!$AD$2:$AD$6232,'02_核算项'!$B$2:$B$6232,$A46,'02_核算项'!$M$2:$M$6232,"PM10") -> 0 | U46: =SUMIFS('02_核算项'!$AD$2:$AD$6232,'02_核算项'!$B$2:$B$6232,$A46,'02_核算项'!$M$2:$M$6232,"PM25") -> 0 | V46: =SUMIFS('02_核算项'!$AD$2:$AD$6232,'02_核算项'!$B$2:$B$6232,$A46,'02_核算项'!$M$2:$M$6232,"BC") -> 0 | W46: =SUMIFS('02_核算项'!$AD$2:$AD$6232,'02_核算项'!$B$2:$B$6232,$A46,'02_核算项'!$M$2:$M$6232,"OC") -> 0 | X46: =SUMIFS('02_核算项'!$AD$2:$AD$6232,'02_核算项'!$B$2:$B$6232,$A46,'02_核算项'!$M$2:$M$6232,"NH3") -> 0 | Y46: 49
A47: SRC-RAW-10D0195568BAD16A31F9 | B47: ENT-9722A214AE93 | C47: 深圳市 | D47: 4417 | E47: 燃生物质锅炉 | F47: DA001 | G47: =SUMIFS('02_核算项'!$AC$2:$AC$6232,'02_核算项'!$B$2:$B$6232,$A47,'02_核算项'!$M$2:$M$6232,"SO2") -> 0 | H47: =SUMIFS('02_核算项'!$AC$2:$AC$6232,'02_核算项'!$B$2:$B$6232,$A47,'02_核算项'!$M$2:$M$6232,"NOX") -> 0 | I47: =SUMIFS('02_核算项'!$AC$2:$AC$6232,'02_核算项'!$B$2:$B$6232,$A47,'02_核算项'!$M$2:$M$6232,"CO") -> 0 | J47: =SUMIFS('02_核算项'!$AC$2:$AC$6232,'02_核算项'!$B$2:$B$6232,$A47,'02_核算项'!$M$2:$M$6232,"VOCS") -> 0 | K47: =SUMIFS('02_核算项'!$AC$2:$AC$6232,'02_核算项'!$B$2:$B$6232,$A47,'02_核算项'!$M$2:$M$6232,"PM10") -> 0 | L47: =SUMIFS('02_核算项'!$AC$2:$AC$6232,'02_核算项'!$B$2:$B$6232,$A47,'02_核算项'!$M$2:$M$6232,"PM25") -> 0 | M47: =SUMIFS('02_核算项'!$AC$2:$AC$6232,'02_核算项'!$B$2:$B$6232,$A47,'02_核算项'!$M$2:$M$6232,"BC") -> 0 | N47: =SUMIFS('02_核算项'!$AC$2:$AC$6232,'02_核算项'!$B$2:$B$6232,$A47,'02_核算项'!$M$2:$M$6232,"OC") -> 0 | O47: =SUMIFS('02_核算项'!$AC$2:$AC$6232,'02_核算项'!$B$2:$B$6232,$A47,'02_核算项'!$M$2:$M$6232,"NH3") -> 0 | X47: =SUMIFS('02_核算项'!$AD$2:$AD$6232,'02_核算项'!$B$2:$B$6232,$A47,'02_核算项'!$M$2:$M$6232,"NH3") -> 0 | Y47: 58
A48: SRC-RAW-1119D64A2A06965F0B17 | B48: ENT-BC2EE242B96F | C48: 广州市 | D48: 4417 | E48: 燃生物质锅炉 | F48: DA001 | G48: =SUMIFS('02_核算项'!$AC$2:$AC$6232,'02_核算项'!$B$2:$B$6232,$A48,'02_核算项'!$M$2:$M$6232,"SO2") -> 0 | H48: =SUMIFS('02_核算项'!$AC$2:$AC$6232,'02_核算项'!$B$2:$B$6232,$A48,'02_核算项'!$M$2:$M$6232,"NOX") -> 0 | I48: =SUMIFS('02_核算项'!$AC$2:$AC$6232,'02_核算项'!$B$2:$B$6232,$A48,'02_核算项'!$M$2:$M$6232,"CO") -> 0 | J48: =SUMIFS('02_核算项'!$AC$2:$AC$6232,'02_核算项'!$B$2:$B$6232,$A48,'02_核算项'!$M$2:$M$6232,"VOCS") -> 0 | K48: =SUMIFS('02_核算项'!$AC$2:$AC$6232,'02_核算项'!$B$2:$B$6232,$A48,'02_核算项'!$M$2:$M$6232,"PM10") -> 0 | L48: =SUMIFS('02_核算项'!$AC$2:$AC$6232,'02_核算项'!$B$2:$B$6232,$A48,'02_核算项'!$M$2:$M$6232,"PM25") -> 0 | M48: =SUMIFS('02_核算项'!$AC$2:$AC$6232,'02_核算项'!$B$2:$B$6232,$A48,'02_核算项'!$M$2:$M$6232,"BC") -> 0 | N48: =SUMIFS('02_核算项'!$AC$2:$AC$6232,'02_核算项'!$B$2:$B$6232,$A48,'02_核算项'!$M$2:$M$6232,"OC") -> 0 | O48: =SUMIFS('02_核算项'!$AC$2:$AC$6232,'02_核算项'!$B$2:$B$6232,$A48,'02_核算项'!$M$2:$M$6232,"NH3") -> 0 | Y48: 40
A49: SRC-RAW-1119E36BA6B9144F2860 | B49: ENT-797A2E196836 | C49: 汕头市 | D49: 4412 | E49: 燃煤锅炉 | F49: DA001 | G49: =SUMIFS('02_核算项'!$AC$2:$AC$6232,'02_核算项'!$B$2:$B$6232,$A49,'02_核算项'!$M$2:$M$6232,"SO2") -> 53.436236 | H49: =SUMIFS('02_核算项'!$AC$2:$AC$6232,'02_核算项'!$B$2:$B$6232,$A49,'02_核算项'!$M$2:$M$6232,"NOX") -> 50.292928 | I49: =SUMIFS('02_核算项'!$AC$2:$AC$6232,'02_核算项'!$B$2:$B$6232,$A49,'02_核算项'!$M$2:$M$6232,"CO") -> 11.2261 | J49: =SUMIFS('02_核算项'!$AC$2:$AC$6232,'02_核算项'!$B$2:$B$6232,$A49,'02_核算项'!$M$2:$M$6232,"VOCS") -> 0.224522 | K49: =SUMIFS('02_核算项'!$AC$2:$AC$6232,'02_核算项'!$B$2:$B$6232,$A49,'02_核算项'!$M$2:$M$6232,"PM10") -> 185.32001 | L49: =SUMIFS('02_核算项'!$AC$2:$AC$6232,'02_核算项'!$B$2:$B$6232,$A49,'02_核算项'!$M$2:$M$6232,"PM25") -> 44.732416 | M49: =SUMIFS('02_核算项'!$AC$2:$AC$6232,'02_核算项'!$B$2:$B$6232,$A49,'02_核算项'!$M$2:$M$6232,"BC") -> 0.089464832 | N49: =SUMIFS('02_核算项'!$AC$2:$AC$6232,'02_核算项'!$B$2:$B$6232,$A49,'02_核算项'!$M$2:$M$6232,"OC") -> 0 | O49: =SUMIFS('02_核算项'!$AC$2:$AC$6232,'02_核算项'!$B$2:$B$6232,$A49,'02_核算项'!$M$2:$M$6232,"NH3") -> 0.898088 | P49: =SUMIFS('02_核算项'!$AD$2:$AD$6232,'02_核算项'!$B$2:$B$6232,$A49,'02_核算项'!$M$2:$M$6232,"SO2") -> 10.687247 | Q49: =SUMIFS('02_核算项'!$AD$2:$AD$6232,'02_核算项'!$B$2:$B$6232,$A49,'02_核算项'!$M$2:$M$6232,"NOX") -> 18.105454 | R49: =SUMIFS('02_核算项'!$AD$2:$AD$6232,'02_核算项'!$B$2:$B$6232,$A49,'02_核算项'!$M$2:$M$6232,"CO") -> 11.2261 | S49: =SUMIFS('02_核算项'!$AD$2:$AD$6232,'02_核算项'!$B$2:$B$6232,$A49,'02_核算项'!$M$2:$M$6232,"VOCS") -> 0.224522 | T49: =SUMIFS('02_核算项'!$AD$2:$AD$6232,'02_核算项'!$B$2:$B$6232,$A49,'02_核算项'!$M$2:$M$6232,"PM10") -> 9.4896626 | U49: =SUMIFS('02_核算项'!$AD$2:$AD$6232,'02_核算项'!$B$2:$B$6232,$A49,'02_核算项'!$M$2:$M$6232,"PM25") -> 2.4602829 | V49: =SUMIFS('02_核算项'!$AD$2:$AD$6232,'02_核算项'!$B$2:$B$6232,$A49,'02_核算项'!$M$2:$M$6232,"BC") -> 0.0049205658 | W49: =SUMIFS('02_核算项'!$AD$2:$AD$6232,'02_核算项'!$B$2:$B$6232,$A49,'02_核算项'!$M$2:$M$6232,"OC") -> 0 | X49: =SUMIFS('02_核算项'!$AD$2:$AD$6232,'02_核算项'!$B$2:$B$6232,$A49,'02_核算项'!$M$2:$M$6232,"NH3") -> 0.898088 | Y49: 16
A50: SRC-RAW-129F5F9B694D3A429A0B | B50: ENT-18519DE4B3A9 | C50: 肇庆市 | D50: 4412 | E50: 燃气轮机 | F50: DA001 | G50: =SUMIFS('02_核算项'!$AC$2:$AC$6232,'02_核算项'!$B$2:$B$6232,$A50,'02_核算项'!$M$2:$M$6232,"SO2") -> 0 | H50: =SUMIFS('02_核算项'!$AC$2:$AC$6232,'02_核算项'!$B$2:$B$6232,$A50,'02_核算项'!$M$2:$M$6232,"NOX") -> 818.04286 | I50: =SUMIFS('02_核算项'!$AC$2:$AC$6232,'02_核算项'!$B$2:$B$6232,$A50,'02_核算项'!$M$2:$M$6232,"CO") -> 259.37944 | J50: =SUMIFS('02_核算项'!$AC$2:$AC$6232,'02_核算项'!$B$2:$B$6232,$A50,'02_核算项'!$M$2:$M$6232,"VOCS") -> 3.990453 | K50: =SUMIFS('02_核算项'!$AC$2:$AC$6232,'02_核算项'!$B$2:$B$6232,$A50,'02_核算项'!$M$2:$M$6232,"PM10") -> 5.9856795 | L50: =SUMIFS('02_核算项'!$AC$2:$AC$6232,'02_核算项'!$B$2:$B$6232,$A50,'02_核算项'!$M$2:$M$6232,"PM25") -> 5.9856795 | M50: =SUMIFS('02_核算项'!$AC$2:$AC$6232,'02_核算项'!$B$2:$B$6232,$A50,'02_核算项'!$M$2:$M$6232,"BC") -> 0 | N50: =SUMIFS('02_核算项'!$AC$2:$AC$6232,'02_核算项'!$B$2:$B$6232,$A50,'02_核算项'!$M$2:$M$6232,"OC") -> 0 | O50: =SUMIFS('02_核算项'!$AC$2:$AC$6232,'02_核算项'!$B$2:$B$6232,$A50,'02_核算项'!$M$2:$M$6232,"NH3") -> 0 | P50: =SUMIFS('02_核算项'!$AD$2:$AD$6232,'02_核算项'!$B$2:$B$6232,$A50,'02_核算项'!$M$2:$M$6232,"SO2") -> 0 | Q50: =SUMIFS('02_核算项'!$AD$2:$AD$6232,'02_核算项'!$B$2:$B$6232,$A50,'02_核算项'!$M$2:$M$6232,"NOX") -> 638.07343 | R50: =SUMIFS('02_核算项'!$AD$2:$AD$6232,'02_核算项'!$B$2:$B$6232,$A50,'02_核算项'!$M$2:$M$6232,"CO") -> 259.37944 | S50: =SUMIFS('02_核算项'!$AD$2:$AD$6232,'02_核算项'!$B$2:$B$6232,$A50,'02_核算项'!$M$2:$M$6232,"VOCS") -> 3.990453 | T50: =SUMIFS('02_核算项'!$AD$2:$AD$6232,'02_核算项'!$B$2:$B$6232,$A50,'02_核算项'!$M$2:$M$6232,"PM10") -> 5.9856795 | U50: =SUMIFS('02_核算项'!$AD$2:$AD$6232,'02_核算项'!$B$2:$B$6232,$A50,'02_核算项'!$M$2:$M$6232,"PM25") -> 5.9856795 | V50: =SUMIFS('02_核算项'!$AD$2:$AD$6232,'02_核算项'!$B$2:$B$6232,$A50,'02_核算项'!$M$2:$M$6232,"BC") -> 0 | W50: =SUMIFS('02_核算项'!$AD$2:$AD$6232,'02_核算项'!$B$2:$B$6232,$A50,'02_核算项'!$M$2:$M$6232,"OC") -> 0 | X50: =SUMIFS('02_核算项'!$AD$2:$AD$6232,'02_核算项'!$B$2:$B$6232,$A50,'02_核算项'!$M$2:$M$6232,"NH3") -> 0 | Y50: 32
A51: SRC-RAW-13051E02DF7384D16801 | B51: ENT-E97F77765518 | C51: 阳江市 | D51: 4411 | E51: 燃煤锅炉 | F51: DA002 | G51: =SUMIFS('02_核算项'!$AC$2:$AC$6232,'02_核算项'!$B$2:$B$6232,$A51,'02_核算项'!$M$2:$M$6232,"SO2") -> 9332.3731 | H51: =SUMIFS('02_核算项'!$AC$2:$AC$6232,'02_核算项'!$B$2:$B$6232,$A51,'02_核算项'!$M$2:$M$6232,"NOX") -> 5654.3201 | I51: =SUMIFS('02_核算项'!$AC$2:$AC$6232,'02_核算项'!$B$2:$B$6232,$A51,'02_核算项'!$M$2:$M$6232,"CO") -> 1568.4661 | J51: =SUMIFS('02_核算项'!$AC$2:$AC$6232,'02_核算项'!$B$2:$B$6232,$A51,'02_核算项'!$M$2:$M$6232,"VOCS") -> 31.369321 | K51: =SUMIFS('02_核算项'!$AC$2:$AC$6232,'02_核算项'!$B$2:$B$6232,$A51,'02_核算项'!$M$2:$M$6232,"PM10") -> 19074.508 | L51: =SUMIFS('02_核算项'!$AC$2:$AC$6232,'02_核算项'!$B$2:$B$6232,$A51,'02_核算项'!$M$2:$M$6232,"PM25") -> 4975.9586 | M51: =SUMIFS('02_核算项'!$AC$2:$AC$6232,'02_核算项'!$B$2:$B$6232,$A51,'02_核算项'!$M$2:$M$6232,"BC") -> 9.9519172 | N51: =SUMIFS('02_核算项'!$AC$2:$AC$6232,'02_核算项'!$B$2:$B$6232,$A51,'02_核算项'!$M$2:$M$6232,"OC") -> 0 | O51: =SUMIFS('02_核算项'!$AC$2:$AC$6232,'02_核算项'!$B$2:$B$6232,$A51,'02_核算项'!$M$2:$M$6232,"NH3") -> 0 | P51: =SUMIFS('02_核算项'!$AD$2:$AD$6232,'02_核算项'!$B$2:$B$6232,$A51,'02_核算项'!$M$2:$M$6232,"SO2") -> 9332.3731 | Q51: =SUMIFS('02_核算项'!$AD$2:$AD$6232,'02_核算项'!$B$2:$B$6232,$A51,'02_核算项'!$M$2:$M$6232,"NOX") -> 4410.3697 | R51: =SUMIFS('02_核算项'!$AD$2:$AD$6232,'02_核算项'!$B$2:$B$6232,$A51,'02_核算项'!$M$2:$M$6232,"CO") -> 1568.4661 | S51: =SUMIFS('02_核算项'!$AD$2:$AD$6232,'02_核算项'!$B$2:$B$6232,$A51,'02_核算项'!$M$2:$M$6232,"VOCS") -> 31.369321 | T51: =SUMIFS('02_核算项'!$AD$2:$AD$6232,'02_核算项'!$B$2:$B$6232,$A51,'02_核算项'!$M$2:$M$6232,"PM10") -> 19074.508 | U51: =SUMIFS('02_核算项'!$AD$2:$AD$6232,'02_核算项'!$B$2:$B$6232,$A51,'02_核算项'!$M$2:$M$6232,"PM25") -> 4975.9586 | V51: =SUMIFS('02_核算项'!$AD$2:$AD$6232,'02_核算项'!$B$2:$B$6232,$A51,'02_核算项'!$M$2:$M$6232,"BC") -> 9.9519172 | W51: =SUMIFS('02_核算项'!$AD$2:$AD$6232,'02_核算项'!$B$2:$B$6232,$A51,'02_核算项'!$M$2:$M$6232,"OC") -> 0 | X51: =SUMIFS('02_核算项'!$AD$2:$AD$6232,'02_核算项'!$B$2:$B$6232,$A51,'02_核算项'!$M$2:$M$6232,"NH3") -> 0 | Y51: 41
A52: SRC-RAW-132DC27DF4915033D111 | B52: ENT-4B3D3C32CBC1 | C52: 江门市 | D52: 4430 | E52: 燃气锅炉 | F52: DA001 | G52: =SUMIFS('02_核算项'!$AC$2:$AC$6232,'02_核算项'!$B$2:$B$6232,$A52,'02_核算项'!$M$2:$M$6232,"SO2") -> 0 | H52: =SUMIFS('02_核算项'!$AC$2:$AC$6232,'02_核算项'!$B$2:$B$6232,$A52,'02_核算项'!$M$2:$M$6232,"NOX") -> 6.97 | I52: =SUMIFS('02_核算项'!$AC$2:$AC$6232,'02_核算项'!$B$2:$B$6232,$A52,'02_核算项'!$M$2:$M$6232,"CO") -> 2.21 | J52: =SUMIFS('02_核算项'!$AC$2:$AC$6232,'02_核算项'!$B$2:$B$6232,$A52,'02_核算项'!$M$2:$M$6232,"VOCS") -> 0.034 | K52: =SUMIFS('02_核算项'!$AC$2:$AC$6232,'02_核算项'!$B$2:$B$6232,$A52,'02_核算项'!$M$2:$M$6232,"PM10") -> 0.051 | L52: =SUMIFS('02_核算项'!$AC$2:$AC$6232,'02_核算项'!$B$2:$B$6232,$A52,'02_核算项'!$M$2:$M$6232,"PM25") -> 0.051 | M52: =SUMIFS('02_核算项'!$AC$2:$AC$6232,'02_核算项'!$B$2:$B$6232,$A52,'02_核算项'!$M$2:$M$6232,"BC") -> 0 | N52: =SUMIFS('02_核算项'!$AC$2:$AC$6232,'02_核算项'!$B$2:$B$6232,$A52,'02_核算项'!$M$2:$M$6232,"OC") -> 0 | O52: =SUMIFS('02_核算项'!$AC$2:$AC$6232,'02_核算项'!$B$2:$B$6232,$A52,'02_核算项'!$M$2:$M$6232,"NH3") -> 0 | P52: =SUMIFS('02_核算项'!$AD$2:$AD$6232,'02_核算项'!$B$2:$B$6232,$A52,'02_核算项'!$M$2:$M$6232,"SO2") -> 0 | Q52: =SUMIFS('02_核算项'!$AD$2:$AD$6232,'02_核算项'!$B$2:$B$6232,$A52,'02_核算项'!$M$2:$M$6232,"NOX") -> 5.4366 | R52: =SUMIFS('02_核算项'!$AD$2:$AD$6232,'02_核算项'!$B$2:$B$6232,$A52,'02_核算项'!$M$2:$M$6232,"CO") -> 2.21 | S52: =SUMIFS('02_核算项'!$AD$2:$AD$6232,'02_核算项'!$B$2:$B$6232,$A52,'02_核算项'!$M$2:$M$6232,"VOCS") -> 0.034 | T52: =SUMIFS('02_核算项'!$AD$2:$AD$6232,'02_核算项'!$B$2:$B$6232,$A52,'02_核算项'!$M$2:$M$6232,"PM10") -> 0.051 | U52: =SUMIFS('02_核算项'!$AD$2:$AD$6232,'02_核算项'!$B$2:$B$6232,$A52,'02_核算项'!$M$2:$M$6232,"PM25") -> 0.051 | V52: =SUMIFS('02_核算项'!$AD$2:$AD$6232,'02_核算项'!$B$2:$B$6232,$A52,'02_核算项'!$M$2:$M$6232,"BC") -> 0 | W52: =SUMIFS('02_核算项'!$AD$2:$AD$6232,'02_核算项'!$B$2:$B$6232,$A52,'02_核算项'!$M$2:$M$6232,"OC") -> 0 | X52: =SUMIFS('02_核算项'!$AD$2:$AD$6232,'02_核算项'!$B$2:$B$6232,$A52,'02_核算项'!$M$2:$M$6232,"NH3") -> 0 | Y52: 32
A53: SRC-RAW-139C8F4E7E7BCF1E39F8 | B53: ENT-79CDAD98DFA7 | C53: 佛山市 | D53: 4430 | E53: 燃煤锅炉 | F53: DA001 | G53: =SUMIFS('02_核算项'!$AC$2:$AC$6232,'02_核算项'!$B$2:$B$6232,$A53,'02_核算项'!$M$2:$M$6232,"SO2") -> 260.22811 | H53: =SUMIFS('02_核算项'!$AC$2:$AC$6232,'02_核算项'!$B$2:$B$6232,$A53,'02_核算项'!$M$2:$M$6232,"NOX") -> 451.57231 | I53: =SUMIFS('02_核算项'!$AC$2:$AC$6232,'02_核算项'!$B$2:$B$6232,$A53,'02_核算项'!$M$2:$M$6232,"CO") -> 102.05024 | J53: =SUMIFS('02_核算项'!$AC$2:$AC$6232,'02_核算项'!$B$2:$B$6232,$A53,'02_核算项'!$M$2:$M$6232,"VOCS") -> 9.1845216 | K53: =SUMIFS('02_核算项'!$AC$2:$AC$6232,'02_核算项'!$B$2:$B$6232,$A53,'02_核算项'!$M$2:$M$6232,"PM10") -> 1056.22 | L53: =SUMIFS('02_核算项'!$AC$2:$AC$6232,'02_核算项'!$B$2:$B$6232,$A53,'02_核算项'!$M$2:$M$6232,"PM25") -> 275.53565 | M53: =SUMIFS('02_核算项'!$AC$2:$AC$6232,'02_核算项'!$B$2:$B$6232,$A53,'02_核算项'!$M$2:$M$6232,"BC") -> 0.5510713 | N53: =SUMIFS('02_核算项'!$AC$2:$AC$6232,'02_核算项'!$B$2:$B$6232,$A53,'02_核算项'!$M$2:$M$6232,"OC") -> 0 | O53: =SUMIFS('02_核算项'!$AC$2:$AC$6232,'02_核算项'!$B$2:$B$6232,$A53,'02_核算项'!$M$2:$M$6232,"NH3") -> 8.1640192 | P53: =SUMIFS('02_核算项'!$AD$2:$AD$6232,'02_核算项'!$B$2:$B$6232,$A53,'02_核算项'!$M$2:$M$6232,"SO2") -> 156.13687 | Q53: =SUMIFS('02_核算项'!$AD$2:$AD$6232,'02_核算项'!$B$2:$B$6232,$A53,'02_核算项'!$M$2:$M$6232,"NOX") -> 162.56603 | R53: =SUMIFS('02_核算项'!$AD$2:$AD$6232,'02_核算项'!$B$2:$B$6232,$A53,'02_核算项'!$M$2:$M$6232,"CO") -> 102.05024 | S53: =SUMIFS('02_核算项'!$AD$2:$AD$6232,'02_核算项'!$B$2:$B$6232,$A53,'02_核算项'!$M$2:$M$6232,"VOCS") -> 9.1845216 | T53: =SUMIFS('02_核算项'!$AD$2:$AD$6232,'02_核算项'!$B$2:$B$6232,$A53,'02_核算项'!$M$2:$M$6232,"PM10") -> 54.188677 | U53: =SUMIFS('02_核算项'!$AD$2:$AD$6232,'02_核算项'!$B$2:$B$6232,$A53,'02_核算项'!$M$2:$M$6232,"PM25") -> 15.154461 | V53: =SUMIFS('02_核算项'!$AD$2:$AD$6232,'02_核算项'!$B$2:$B$6232,$A53,'02_核算项'!$M$2:$M$6232,"BC") -> 0.030308921 | W53: =SUMIFS('02_核算项'!$AD$2:$AD$6232,'02_核算项'!$B$2:$B$6232,$A53,'02_核算项'!$M$2:$M$6232,"OC") -> 0 | X53: =SUMIFS('02_核算项'!$AD$2:$AD$6232,'02_核算项'!$B$2:$B$6232,$A53,'02_核算项'!$M$2:$M$6232,"NH3") -> 8.1640192 | Y53: 16
A54: SRC-RAW-13B7FAA548A4568DB8AA | B54: ENT-5B63BBAC773E | C54: 广州市 | D54: 4417 | E54: 燃生物质锅炉 | F54: DA011 | G54: =SUMIFS('02_核算项'!$AC$2:$AC$6232,'02_核算项'!$B$2:$B$6232,$A54,'02_核算项'!$M$2:$M$6232,"SO2") -> 0 | H54: =SUMIFS('02_核算项'!$AC$2:$AC$6232,'02_核算项'!$B$2:$B$6232,$A54,'02_核算项'!$M$2:$M$6232,"NOX") -> 0 | I54: =SUMIFS('02_核算项'!$AC$2:$AC$6232,'02_核算项'!$B$2:$B$6232,$A54,'02_核算项'!$M$2:$M$6232,"CO") -> 0 | J54: =SUMIFS('02_核算项'!$AC$2:$AC$6232,'02_核算项'!$B$2:$B$6232,$A54,'02_核算项'!$M$2:$M$6232,"VOCS") -> 0 | K54: =SUMIFS('02_核算项'!$AC$2:$AC$6232,'02_核算项'!$B$2:$B$6232,$A54,'02_核算项'!$M$2:$M$6232,"PM10") -> 0 | L54: =SUMIFS('02_核算项'!$AC$2:$AC$6232,'02_核算项'!$B$2:$B$6232,$A54,'02_核算项'!$M$2:$M$6232,"PM25") -> 0 | M54: =SUMIFS('02_核算项'!$AC$2:$AC$6232,'02_核算项'!$B$2:$B$6232,$A54,'02_核算项'!$M$2:$M$6232,"BC") -> 0 | N54: =SUMIFS('02_核算项'!$AC$2:$AC$6232,'02_核算项'!$B$2:$B$6232,$A54,'02_核算项'!$M$2:$M$6232,"OC") -> 0 | O54: =SUMIFS('02_核算项'!$AC$2:$AC$6232,'02_核算项'!$B$2:$B$6232,$A54,'02_核算项'!$M$2:$M$6232,"NH3") -> 0 | X54: =SUMIFS('02_核算项'!$AD$2:$AD$6232,'02_核算项'!$B$2:$B$6232,$A54,'02_核算项'!$M$2:$M$6232,"NH3") -> 0 | Y54: 48
A55: SRC-RAW-151442F52F3793299450 | B55: ENT-5B63BBAC773E | C55: 广州市 | D55: 4417 | E55: 燃生物质锅炉 | F55: DA001 | G55: =SUMIFS('02_核算项'!$AC$2:$AC$6232,'02_核算项'!$B$2:$B$6232,$A55,'02_核算项'!$M$2:$M$6232,"SO2") -> 0 | H55: =SUMIFS('02_核算项'!$AC$2:$AC$6232,'02_核算项'!$B$2:$B$6232,$A55,'02_核算项'!$M$2:$M$6232,"NOX") -> 0 | I55: =SUMIFS('02_核算项'!$AC$2:$AC$6232,'02_核算项'!$B$2:$B$6232,$A55,'02_核算项'!$M$2:$M$6232,"CO") -> 0 | J55: =SUMIFS('02_核算项'!$AC$2:$AC$6232,'02_核算项'!$B$2:$B$6232,$A55,'02_核算项'!$M$2:$M$6232,"VOCS") -> 0 | K55: =SUMIFS('02_核算项'!$AC$2:$AC$6232,'02_核算项'!$B$2:$B$6232,$A55,'02_核算项'!$M$2:$M$6232,"PM10") -> 0 | L55: =SUMIFS('02_核算项'!$AC$2:$AC$6232,'02_核算项'!$B$2:$B$6232,$A55,'02_核算项'!$M$2:$M$6232,"PM25") -> 0 | M55: =SUMIFS('02_核算项'!$AC$2:$AC$6232,'02_核算项'!$B$2:$B$6232,$A55,'02_核算项'!$M$2:$M$6232,"BC") -> 0 | N55: =SUMIFS('02_核算项'!$AC$2:$AC$6232,'02_核算项'!$B$2:$B$6232,$A55,'02_核算项'!$M$2:$M$6232,"OC") -> 0 | O55: =SUMIFS('02_核算项'!$AC$2:$AC$6232,'02_核算项'!$B$2:$B$6232,$A55,'02_核算项'!$M$2:$M$6232,"NH3") -> 0 | X55: =SUMIFS('02_核算项'!$AD$2:$AD$6232,'02_核算项'!$B$2:$B$6232,$A55,'02_核算项'!$M$2:$M$6232,"NH3") -> 0 | Y55: 48
A56: SRC-RAW-15606025516ABDF51A22 | B56: ENT-F63C21BC56DD | C56: 茂名市 | D56: 4417 | E56: 燃生物质锅炉 | F56: DA001 | G56: =SUMIFS('02_核算项'!$AC$2:$AC$6232,'02_核算项'!$B$2:$B$6232,$A56,'02_核算项'!$M$2:$M$6232,"SO2") -> 0 | H56: =SUMIFS('02_核算项'!$AC$2:$AC$6232,'02_核算项'!$B$2:$B$6232,$A56,'02_核算项'!$M$2:$M$6232,"NOX") -> 0 | I56: =SUMIFS('02_核算项'!$AC$2:$AC$6232,'02_核算项'!$B$2:$B$6232,$A56,'02_核算项'!$M$2:$M$6232,"CO") -> 0 | J56: =SUMIFS('02_核算项'!$AC$2:$AC$6232,'02_核算项'!$B$2:$B$6232,$A56,'02_核算项'!$M$2:$M$6232,"VOCS") -> 0 | K56: =SUMIFS('02_核算项'!$AC$2:$AC$6232,'02_核算项'!$B$2:$B$6232,$A56,'02_核算项'!$M$2:$M$6232,"PM10") -> 0 | L56: =SUMIFS('02_核算项'!$AC$2:$AC$6232,'02_核算项'!$B$2:$B$6232,$A56,'02_核算项'!$M$2:$M$6232,"PM25") -> 0 | M56: =SUMIFS('02_核算项'!$AC$2:$AC$6232,'02_核算项'!$B$2:$B$6232,$A56,'02_核算项'!$M$2:$M$6232,"BC") -> 0 | N56: =SUMIFS('02_核算项'!$AC$2:$AC$6232,'02_核算项'!$B$2:$B$6232,$A56,'02_核算项'!$M$2:$M$6232,"OC") -> 0 | O56: =SUMIFS('02_核算项'!$AC$2:$AC$6232,'02_核算项'!$B$2:$B$6232,$A56,'02_核算项'!$M$2:$M$6232,"NH3") -> 0 | X56: =SUMIFS('02_核算项'!$AD$2:$AD$6232,'02_核算项'!$B$2:$B$6232,$A56,'02_核算项'!$M$2:$M$6232,"NH3") -> 0 | Y56: 58
A57: SRC-RAW-15CBEFD7AD93B4A83536 | B57: ENT-38239313574F | C57: 佛山市 | D57: 4411 | E57: 燃气锅炉 | F57: DA002 | G57: =SUMIFS('02_核算项'!$AC$2:$AC$6232,'02_核算项'!$B$2:$B$6232,$A57,'02_核算项'!$M$2:$M$6232,"SO2") -> 0 | H57: =SUMIFS('02_核算项'!$AC$2:$AC$6232,'02_核算项'!$B$2:$B$6232,$A57,'02_核算项'!$M$2:$M$6232,"NOX") -> 186.97911 | I57: =SUMIFS('02_核算项'!$AC$2:$AC$6232,'02_核算项'!$B$2:$B$6232,$A57,'02_核算项'!$M$2:$M$6232,"CO") -> 59.286058 | J57: =SUMIFS('02_核算项'!$AC$2:$AC$6232,'02_核算项'!$B$2:$B$6232,$A57,'02_核算项'!$M$2:$M$6232,"VOCS") -> 0.9120932 | K57: =SUMIFS('02_核算项'!$AC$2:$AC$6232,'02_核算项'!$B$2:$B$6232,$A57,'02_核算项'!$M$2:$M$6232,"PM10") -> 1.3681398 | L57: =SUMIFS('02_核算项'!$AC$2:$AC$6232,'02_核算项'!$B$2:$B$6232,$A57,'02_核算项'!$M$2:$M$6232,"PM25") -> 1.3681398 | M57: =SUMIFS('02_核算项'!$AC$2:$AC$6232,'02_核算项'!$B$2:$B$6232,$A57,'02_核算项'!$M$2:$M$6232,"BC") -> 0 | N57: =SUMIFS('02_核算项'!$AC$2:$AC$6232,'02_核算项'!$B$2:$B$6232,$A57,'02_核算项'!$M$2:$M$6232,"OC") -> 0 | O57: =SUMIFS('02_核算项'!$AC$2:$AC$6232,'02_核算项'!$B$2:$B$6232,$A57,'02_核算项'!$M$2:$M$6232,"NH3") -> 0 | P57: =SUMIFS('02_核算项'!$AD$2:$AD$6232,'02_核算项'!$B$2:$B$6232,$A57,'02_核算项'!$M$2:$M$6232,"SO2") -> 0 | Q57: =SUMIFS('02_核算项'!$AD$2:$AD$6232,'02_核算项'!$B$2:$B$6232,$A57,'02_核算项'!$M$2:$M$6232,"NOX") -> 145.8437 | R57: =SUMIFS('02_核算项'!$AD$2:$AD$6232,'02_核算项'!$B$2:$B$6232,$A57,'02_核算项'!$M$2:$M$6232,"CO") -> 59.286058 | S57: =SUMIFS('02_核算项'!$AD$2:$AD$6232,'02_核算项'!$B$2:$B$6232,$A57,'02_核算项'!$M$2:$M$6232,"VOCS") -> 0.9120932 | T57: =SUMIFS('02_核算项'!$AD$2:$AD$6232,'02_核算项'!$B$2:$B$6232,$A57,'02_核算项'!$M$2:$M$6232,"PM10") -> 1.3681398 | U57: =SUMIFS('02_核算项'!$AD$2:$AD$6232,'02_核算项'!$B$2:$B$6232,$A57,'02_核算项'!$M$2:$M$6232,"PM25") -> 1.3681398 | V57: =SUMIFS('02_核算项'!$AD$2:$AD$6232,'02_核算项'!$B$2:$B$6232,$A57,'02_核算项'!$M$2:$M$6232,"BC") -> 0 | W57: =SUMIFS('02_核算项'!$AD$2:$AD$6232,'02_核算项'!$B$2:$B$6232,$A57,'02_核算项'!$M$2:$M$6232,"OC") -> 0 | X57: =SUMIFS('02_核算项'!$AD$2:$AD$6232,'02_核算项'!$B$2:$B$6232,$A57,'02_核算项'!$M$2:$M$6232,"NH3") -> 0 | Y57: 32
A58: SRC-RAW-1673282707D6E49CDF7E | B58: ENT-ECD71A4995CD | C58: 江门市 | D58: 4411 | E58: 燃气轮机 | F58: DA002 | G58: =SUMIFS('02_核算项'!$AC$2:$AC$6232,'02_核算项'!$B$2:$B$6232,$A58,'02_核算项'!$M$2:$M$6232,"SO2") -> 0 | H58: =SUMIFS('02_核算项'!$AC$2:$AC$6232,'02_核算项'!$B$2:$B$6232,$A58,'02_核算项'!$M$2:$M$6232,"NOX") -> 403.20589 | I58: =SUMIFS('02_核算项'!$AC$2:$AC$6232,'02_核算项'!$B$2:$B$6232,$A58,'02_核算项'!$M$2:$M$6232,"CO") -> 127.84577 | J58: =SUMIFS('02_核算项'!$AC$2:$AC$6232,'02_核算项'!$B$2:$B$6232,$A58,'02_核算项'!$M$2:$M$6232,"VOCS") -> 1.966858 | K58: =SUMIFS('02_核算项'!$AC$2:$AC$6232,'02_核算项'!$B$2:$B$6232,$A58,'02_核算项'!$M$2:$M$6232,"PM10") -> 2.950287 | L58: =SUMIFS('02_核算项'!$AC$2:$AC$6232,'02_核算项'!$B$2:$B$6232,$A58,'02_核算项'!$M$2:$M$6232,"PM25") -> 2.950287 | M58: =SUMIFS('02_核算项'!$AC$2:$AC$6232,'02_核算项'!$B$2:$B$6232,$A58,'02_核算项'!$M$2:$M$6232,"BC") -> 0 | N58: =SUMIFS('02_核算项'!$AC$2:$AC$6232,'02_核算项'!$B$2:$B$6232,$A58,'02_核算项'!$M$2:$M$6232,"OC") -> 0 | O58: =SUMIFS('02_核算项'!$AC$2:$AC$6232,'02_核算项'!$B$2:$B$6232,$A58,'02_核算项'!$M$2:$M$6232,"NH3") -> 0 | P58: =SUMIFS('02_核算项'!$AD$2:$AD$6232,'02_核算项'!$B$2:$B$6232,$A58,'02_核算项'!$M$2:$M$6232,"SO2") -> 0 | Q58: =SUMIFS('02_核算项'!$AD$2:$AD$6232,'02_核算项'!$B$2:$B$6232,$A58,'02_核算项'!$M$2:$M$6232,"NOX") -> 314.50059 | R58: =SUMIFS('02_核算项'!$AD$2:$AD$6232,'02_核算项'!$B$2:$B$6232,$A58,'02_核算项'!$M$2:$M$6232,"CO") -> 127.84577 | S58: =SUMIFS('02_核算项'!$AD$2:$AD$6232,'02_核算项'!$B$2:$B$6232,$A58,'02_核算项'!$M$2:$M$6232,"VOCS") -> 1.966858 | T58: =SUMIFS('02_核算项'!$AD$2:$AD$6232,'02_核算项'!$B$2:$B$6232,$A58,'02_核算项'!$M$2:$M$6232,"PM10") -> 2.950287 | U58: =SUMIFS('02_核算项'!$AD$2:$AD$6232,'02_核算项'!$B$2:$B$6232,$A58,'02_核算项'!$M$2:$M$6232,"PM25") -> 2.950287 | V58: =SUMIFS('02_核算项'!$AD$2:$AD$6232,'02_核算项'!$B$2:$B$6232,$A58,'02_核算项'!$M$2:$M$6232,"BC") -> 0 | W58: =SUMIFS('02_核算项'!$AD$2:$AD$6232,'02_核算项'!$B$2:$B$6232,$A58,'02_核算项'!$M$2:$M$6232,"OC") -> 0 | X58: =SUMIFS('02_核算项'!$AD$2:$AD$6232,'02_核算项'!$B$2:$B$6232,$A58,'02_核算项'!$M$2:$M$6232,"NH3") -> 0 | Y58: 32
A59: SRC-RAW-1681A08DA31856CE6747 | B59: ENT-51DA0D7F92A2 | C59: 韶关市 | D59: 4417 | E59: 燃生物质锅炉 | F59: DA001 | G59: =SUMIFS('02_核算项'!$AC$2:$AC$6232,'02_核算项'!$B$2:$B$6232,$A59,'02_核算项'!$M$2:$M$6232,"SO2") -> 0 | H59: =SUMIFS('02_核算项'!$AC$2:$AC$6232,'02_核算项'!$B$2:$B$6232,$A59,'02_核算项'!$M$2:$M$6232,"NOX") -> 0 | I59: =SUMIFS('02_核算项'!$AC$2:$AC$6232,'02_核算项'!$B$2:$B$6232,$A59,'02_核算项'!$M$2:$M$6232,"CO") -> 0 | J59: =SUMIFS('02_核算项'!$AC$2:$AC$6232,'02_核算项'!$B$2:$B$6232,$A59,'02_核算项'!$M$2:$M$6232,"VOCS") -> 0 | K59: =SUMIFS('02_核算项'!$AC$2:$AC$6232,'02_核算项'!$B$2:$B$6232,$A59,'02_核算项'!$M$2:$M$6232,"PM10") -> 0 | L59: =SUMIFS('02_核算项'!$AC$2:$AC$6232,'02_核算项'!$B$2:$B$6232,$A59,'02_核算项'!$M$2:$M$6232,"PM25") -> 0 | M59: =SUMIFS('02_核算项'!$AC$2:$AC$6232,'02_核算项'!$B$2:$B$6232,$A59,'02_核算项'!$M$2:$M$6232,"BC") -> 0 | N59: =SUMIFS('02_核算项'!$AC$2:$AC$6232,'02_核算项'!$B$2:$B$6232,$A59,'02_核算项'!$M$2:$M$6232,"OC") -> 0 | O59: =SUMIFS('02_核算项'!$AC$2:$AC$6232,'02_核算项'!$B$2:$B$6232,$A59,'02_核算项'!$M$2:$M$6232,"NH3") -> 0 | P59: =SUMIFS('02_核算项'!$AD$2:$AD$6232,'02_核算项'!$B$2:$B$6232,$A59,'02_核算项'!$M$2:$M$6232,"SO2") -> 0 | Q59: =SUMIFS('02_核算项'!$AD$2:$AD$6232,'02_核算项'!$B$2:$B$6232,$A59,'02_核算项'!$M$2:$M$6232,"NOX") -> 0 | R59: =SUMIFS('02_核算项'!$AD$2:$AD$6232,'02_核算项'!$B$2:$B$6232,$A59,'02_核算项'!$M$2:$M$6232,"CO") -> 0 | S59: =SUMIFS('02_核算项'!$AD$2:$AD$6232,'02_核算项'!$B$2:$B$6232,$A59,'02_核算项'!$M$2:$M$6232,"VOCS") -> 0 | T59: =SUMIFS('02_核算项'!$AD$2:$AD$6232,'02_核算项'!$B$2:$B$6232,$A59,'02_核算项'!$M$2:$M$6232,"PM10") -> 0 | U59: =SUMIFS('02_核算项'!$AD$2:$AD$6232,'02_核算项'!$B$2:$B$6232,$A59,'02_核算项'!$M$2:$M$6232,"PM25") -> 0 | V59: =SUMIFS('02_核算项'!$AD$2:$AD$6232,'02_核算项'!$B$2:$B$6232,$A59,'02_核算项'!$M$2:$M$6232,"BC") -> 0 | W59: =SUMIFS('02_核算项'!$AD$2:$AD$6232,'02_核算项'!$B$2:$B$6232,$A59,'02_核算项'!$M$2:$M$6232,"OC") -> 0 | Y59: 32
A60: SRC-RAW-170A0850DD192CD5A9D1 | B60: ENT-6C9B694A91D7 | C60: 佛山市 | D60: 4417 | E60: 燃气锅炉 | F60: DA008 | G60: =SUMIFS('02_核算项'!$AC$2:$AC$6232,'02_核算项'!$B$2:$B$6232,$A60,'02_核算项'!$M$2:$M$6232,"SO2") -> 0 | H60: =SUMIFS('02_核算项'!$AC$2:$AC$6232,'02_核算项'!$B$2:$B$6232,$A60,'02_核算项'!$M$2:$M$6232,"NOX") -> 0 | I60: =SUMIFS('02_核算项'!$AC$2:$AC$6232,'02_核算项'!$B$2:$B$6232,$A60,'02_核算项'!$M$2:$M$6232,"CO") -> 0 | J60: =SUMIFS('02_核算项'!$AC$2:$AC$6232,'02_核算项'!$B$2:$B$6232,$A60,'02_核算项'!$M$2:$M$6232,"VOCS") -> 0 | K60: =SUMIFS('02_核算项'!$AC$2:$AC$6232,'02_核算项'!$B$2:$B$6232,$A60,'02_核算项'!$M$2:$M$6232,"PM10") -> 0 | L60: =SUMIFS('02_核算项'!$AC$2:$AC$6232,'02_核算项'!$B$2:$B$6232,$A60,'02_核算项'!$M$2:$M$6232,"PM25") -> 0 | M60: =SUMIFS('02_核算项'!$AC$2:$AC$6232,'02_核算项'!$B$2:$B$6232,$A60,'02_核算项'!$M$2:$M$6232,"BC") -> 0 | N60: =SUMIFS('02_核算项'!$AC$2:$AC$6232,'02_核算项'!$B$2:$B$6232,$A60,'02_核算项'!$M$2:$M$6232,"OC") -> 0 | O60: =SUMIFS('02_核算项'!$AC$2:$AC$6232,'02_核算项'!$B$2:$B$6232,$A60,'02_核算项'!$M$2:$M$6232,"NH3") -> 0 | P60: =SUMIFS('02_核算项'!$AD$2:$AD$6232,'02_核算项'!$B$2:$B$6232,$A60,'02_核算项'!$M$2:$M$6232,"SO2") -> 0 | Q60: =SUMIFS('02_核算项'!$AD$2:$AD$6232,'02_核算项'!$B$2:$B$6232,$A60,'02_核算项'!$M$2:$M$6232,"NOX") -> 0 | R60: =SUMIFS('02_核算项'!$AD$2:$AD$6232,'02_核算项'!$B$2:$B$6232,$A60,'02_核算项'!$M$2:$M$6232,"CO") -> 0 | S60: =SUMIFS('02_核算项'!$AD$2:$AD$6232,'02_核算项'!$B$2:$B$6232,$A60,'02_核算项'!$M$2:$M$6232,"VOCS") -> 0 | T60: =SUMIFS('02_核算项'!$AD$2:$AD$6232,'02_核算项'!$B$2:$B$6232,$A60,'02_核算项'!$M$2:$M$6232,"PM10") -> 0 | U60: =SUMIFS('02_核算项'!$AD$2:$AD$6232,'02_核算项'!$B$2:$B$6232,$A60,'02_核算项'!$M$2:$M$6232,"PM25") -> 0 | V60: =SUMIFS('02_核算项'!$AD$2:$AD$6232,'02_核算项'!$B$2:$B$6232,$A60,'02_核算项'!$M$2:$M$6232,"BC") -> 0 | W60: =SUMIFS('02_核算项'!$AD$2:$AD$6232,'02_核算项'!$B$2:$B$6232,$A60,'02_核算项'!$M$2:$M$6232,"OC") -> 0 | X60: =SUMIFS('02_核算项'!$AD$2:$AD$6232,'02_核算项'!$B$2:$B$6232,$A60,'02_核算项'!$M$2:$M$6232,"NH3") -> 0 | Y60: 48
A61: SRC-RAW-179DE2302B7639EA7357 | B61: ENT-81CD60A3C7B8 | C61: 清远市 | D61: 4430 | E61: 燃煤锅炉 | F61: DA001 | G61: =SUMIFS('02_核算项'!$AC$2:$AC$6232,'02_核算项'!$B$2:$B$6232,$A61,'02_核算项'!$M$2:$M$6232,"SO2") -> 178.5 | H61: =SUMIFS('02_核算项'!$AC$2:$AC$6232,'02_核算项'!$B$2:$B$6232,$A61,'02_核算项'!$M$2:$M$6232,"NOX") -> 120 | I61: =SUMIFS('02_核算项'!$AC$2:$AC$6232,'02_核算项'!$B$2:$B$6232,$A61,'02_核算项'!$M$2:$M$6232,"CO") -> 240 | J61: =SUMIFS('02_核算项'!$AC$2:$AC$6232,'02_核算项'!$B$2:$B$6232,$A61,'02_核算项'!$M$2:$M$6232,"VOCS") -> 5.4 | K61: =SUMIFS('02_核算项'!$AC$2:$AC$6232,'02_核算项'!$B$2:$B$6232,$A61,'02_核算项'!$M$2:$M$6232,"PM10") -> 107.3655 | L61: =SUMIFS('02_核算项'!$AC$2:$AC$6232,'02_核算项'!$B$2:$B$6232,$A61,'02_核算项'!$M$2:$M$6232,"PM25") -> 32.535 | M61: =SUMIFS('02_核算项'!$AC$2:$AC$6232,'02_核算项'!$B$2:$B$6232,$A61,'02_核算项'!$M$2:$M$6232,"BC") -> 0.06507 | N61: =SUMIFS('02_核算项'!$AC$2:$AC$6232,'02_核算项'!$B$2:$B$6232,$A61,'02_核算项'!$M$2:$M$6232,"OC") -> 0 | O61: =SUMIFS('02_核算项'!$AC$2:$AC$6232,'02_核算项'!$B$2:$B$6232,$A61,'02_核算项'!$M$2:$M$6232,"NH3") -> 0 | P61: =SUMIFS('02_核算项'!$AD$2:$AD$6232,'02_核算项'!$B$2:$B$6232,$A61,'02_核算项'!$M$2:$M$6232,"SO2") -> 178.5 | Q61: =SUMIFS('02_核算项'!$AD$2:$AD$6232,'02_核算项'!$B$2:$B$6232,$A61,'02_核算项'!$M$2:$M$6232,"NOX") -> 120 | R61: =SUMIFS('02_核算项'!$AD$2:$AD$6232,'02_核算项'!$B$2:$B$6232,$A61,'02_核算项'!$M$2:$M$6232,"CO") -> 240 | S61: =SUMIFS('02_核算项'!$AD$2:$AD$6232,'02_核算项'!$B$2:$B$6232,$A61,'02_核算项'!$M$2:$M$6232,"VOCS") -> 5.4 | T61: =SUMIFS('02_核算项'!$AD$2:$AD$6232,'02_核算项'!$B$2:$B$6232,$A61,'02_核算项'!$M$2:$M$6232,"PM10") -> 107.3655 | U61: =SUMIFS('02_核算项'!$AD$2:$AD$6232,'02_核算项'!$B$2:$B$6232,$A61,'02_核算项'!$M$2:$M$6232,"PM25") -> 32.535 | V61: =SUMIFS('02_核算项'!$AD$2:$AD$6232,'02_核算项'!$B$2:$B$6232,$A61,'02_核算项'!$M$2:$M$6232,"BC") -> 0.06507 | W61: =SUMIFS('02_核算项'!$AD$2:$AD$6232,'02_核算项'!$B$2:$B$6232,$A61,'02_核算项'!$M$2:$M$6232,"OC") -> 0 | X61: =SUMIFS('02_核算项'!$AD$2:$AD$6232,'02_核算项'!$B$2:$B$6232,$A61,'02_核算项'!$M$2:$M$6232,"NH3") -> 0 | Y61: 33
A62: SRC-RAW-17F4109476657E8B4986 | B62: ENT-1A8638EA048F | C62: 珠海市 | D62: 4430 | E62: 燃生物质锅炉 | F62: DA001 | G62: =SUMIFS('02_核算项'!$AC$2:$AC$6232,'02_核算项'!$B$2:$B$6232,$A62,'02_核算项'!$M$2:$M$6232,"SO2") -> 0 | H62: =SUMIFS('02_核算项'!$AC$2:$AC$6232,'02_核算项'!$B$2:$B$6232,$A62,'02_核算项'!$M$2:$M$6232,"NOX") -> 0 | I62: =SUMIFS('02_核算项'!$AC$2:$AC$6232,'02_核算项'!$B$2:$B$6232,$A62,'02_核算项'!$M$2:$M$6232,"CO") -> 0 | J62: =SUMIFS('02_核算项'!$AC$2:$AC$6232,'02_核算项'!$B$2:$B$6232,$A62,'02_核算项'!$M$2:$M$6232,"VOCS") -> 0 | K62: =SUMIFS('02_核算项'!$AC$2:$AC$6232,'02_核算项'!$B$2:$B$6232,$A62,'02_核算项'!$M$2:$M$6232,"PM10") -> 0 | L62: =SUMIFS('02_核算项'!$AC$2:$AC$6232,'02_核算项'!$B$2:$B$6232,$A62,'02_核算项'!$M$2:$M$6232,"PM25") -> 0 | M62: =SUMIFS('02_核算项'!$AC$2:$AC$6232,'02_核算项'!$B$2:$B$6232,$A62,'02_核算项'!$M$2:$M$6232,"BC") -> 0 | N62: =SUMIFS('02_核算项'!$AC$2:$AC$6232,'02_核算项'!$B$2:$B$6232,$A62,'02_核算项'!$M$2:$M$6232,"OC") -> 0 | O62: =SUMIFS('02_核算项'!$AC$2:$AC$6232,'02_核算项'!$B$2:$B$6232,$A62,'02_核算项'!$M$2:$M$6232,"NH3") -> 0 | X62: =SUMIFS('02_核算项'!$AD$2:$AD$6232,'02_核算项'!$B$2:$B$6232,$A62,'02_核算项'!$M$2:$M$6232,"NH3") -> 0 | Y62: 48
A63: SRC-RAW-1880A1585754FDEEF821 | B63: ENT-C452FEC036B4 | C63: 东莞市 | D63: 4417 | E63: 燃生物质锅炉 | F63: DA003 | G63: =SUMIFS('02_核算项'!$AC$2:$AC$6232,'02_核算项'!$B$2:$B$6232,$A63,'02_核算项'!$M$2:$M$6232,"SO2") -> 0 | H63: =SUMIFS('02_核算项'!$AC$2:$AC$6232,'02_核算项'!$B$2:$B$6232,$A63,'02_核算项'!$M$2:$M$6232,"NOX") -> 0 | I63: =SUMIFS('02_核算项'!$AC$2:$AC$6232,'02_核算项'!$B$2:$B$6232,$A63,'02_核算项'!$M$2:$M$6232,"CO") -> 0 | J63: =SUMIFS('02_核算项'!$AC$2:$AC$6232,'02_核算项'!$B$2:$B$6232,$A63,'02_核算项'!$M$2:$M$6232,"VOCS") -> 0 | K63: =SUMIFS('02_核算项'!$AC$2:$AC$6232,'02_核算项'!$B$2:$B$6232,$A63,'02_核算项'!$M$2:$M$6232,"PM10") -> 0 | L63: =SUMIFS('02_核算项'!$AC$2:$AC$6232,'02_核算项'!$B$2:$B$6232,$A63,'02_核算项'!$M$2:$M$6232,"PM25") -> 0 | M63: =SUMIFS('02_核算项'!$AC$2:$AC$6232,'02_核算项'!$B$2:$B$6232,$A63,'02_核算项'!$M$2:$M$6232,"BC") -> 0 | N63: =SUMIFS('02_核算项'!$AC$2:$AC$6232,'02_核算项'!$B$2:$B$6232,$A63,'02_核算项'!$M$2:$M$6232,"OC") -> 0 | O63: =SUMIFS('02_核算项'!$AC$2:$AC$6232,'02_核算项'!$B$2:$B$6232,$A63,'02_核算项'!$M$2:$M$6232,"NH3") -> 0 | X63: =SUMIFS('02_核算项'!$AD$2:$AD$6232,'02_核算项'!$B$2:$B$6232,$A63,'02_核算项'!$M$2:$M$6232,"NH3") -> 0 | Y63: 48
A64: SRC-RAW-18E45A0318E3FFBF7B98 | B64: ENT-06DED25E0927 | C64: 汕头市 | D64: 4430 | E64: 燃煤锅炉 | F64: DA001 | G64: =SUMIFS('02_核算项'!$AC$2:$AC$6232,'02_核算项'!$B$2:$B$6232,$A64,'02_核算项'!$M$2:$M$6232,"SO2") -> 8.721 | H64: =SUMIFS('02_核算项'!$AC$2:$AC$6232,'02_核算项'!$B$2:$B$6232,$A64,'02_核算项'!$M$2:$M$6232,"NOX") -> 3.6 | I64: =SUMIFS('02_核算项'!$AC$2:$AC$6232,'02_核算项'!$B$2:$B$6232,$A64,'02_核算项'!$M$2:$M$6232,"CO") -> 7.2 | J64: =SUMIFS('02_核算项'!$AC$2:$AC$6232,'02_核算项'!$B$2:$B$6232,$A64,'02_核算项'!$M$2:$M$6232,"VOCS") -> 0.162 | K64: =SUMIFS('02_核算项'!$AC$2:$AC$6232,'02_核算项'!$B$2:$B$6232,$A64,'02_核算项'!$M$2:$M$6232,"PM10") -> 4.833675 | L64: =SUMIFS('02_核算项'!$AC$2:$AC$6232,'02_核算项'!$B$2:$B$6232,$A64,'02_核算项'!$M$2:$M$6232,"PM25") -> 1.46475 | M64: =SUMIFS('02_核算项'!$AC$2:$AC$6232,'02_核算项'!$B$2:$B$6232,$A64,'02_核算项'!$M$2:$M$6232,"BC") -> 0.0029295 | N64: =SUMIFS('02_核算项'!$AC$2:$AC$6232,'02_核算项'!$B$2:$B$6232,$A64,'02_核算项'!$M$2:$M$6232,"OC") -> 0 | O64: =SUMIFS('02_核算项'!$AC$2:$AC$6232,'02_核算项'!$B$2:$B$6232,$A64,'02_核算项'!$M$2:$M$6232,"NH3") -> 0 | P64: =SUMIFS('02_核算项'!$AD$2:$AD$6232,'02_核算项'!$B$2:$B$6232,$A64,'02_核算项'!$M$2:$M$6232,"SO2") -> 8.721 | Q64: =SUMIFS('02_核算项'!$AD$2:$AD$6232,'02_核算项'!$B$2:$B$6232,$A64,'02_核算项'!$M$2:$M$6232,"NOX") -> 2.808 | R64: =SUMIFS('02_核算项'!$AD$2:$AD$6232,'02_核算项'!$B$2:$B$6232,$A64,'02_核算项'!$M$2:$M$6232,"CO") -> 7.2 | S64: =SUMIFS('02_核算项'!$AD$2:$AD$6232,'02_核算项'!$B$2:$B$6232,$A64,'02_核算项'!$M$2:$M$6232,"VOCS") -> 0.162 | T64: =SUMIFS('02_核算项'!$AD$2:$AD$6232,'02_核算项'!$B$2:$B$6232,$A64,'02_核算项'!$M$2:$M$6232,"PM10") -> 4.833675 | U64: =SUMIFS('02_核算项'!$AD$2:$AD$6232,'02_核算项'!$B$2:$B$6232,$A64,'02_核算项'!$M$2:$M$6232,"PM25") -> 1.46475 | V64: =SUMIFS('02_核算项'!$AD$2:$AD$6232,'02_核算项'!$B$2:$B$6232,$A64,'02_核算项'!$M$2:$M$6232,"BC") -> 0.0029295 | W64: =SUMIFS('02_核算项'!$AD$2:$AD$6232,'02_核算项'!$B$2:$B$6232,$A64,'02_核算项'!$M$2:$M$6232,"OC") -> 0 | X64: =SUMIFS('02_核算项'!$AD$2:$AD$6232,'02_核算项'!$B$2:$B$6232,$A64,'02_核算项'!$M$2:$M$6232,"NH3") -> 0 | Y64: 32
A65: SRC-RAW-190FAC35BAA3212F37E4 | B65: ENT-4FA299B4CB14 | C65: 深圳市 | D65: 4411 | E65: 燃气轮机 | F65: DA001 | G65: =SUMIFS('02_核算项'!$AC$2:$AC$6232,'02_核算项'!$B$2:$B$6232,$A65,'02_核算项'!$M$2:$M$6232,"SO2") -> 0 | H65: =SUMIFS('02_核算项'!$AC$2:$AC$6232,'02_核算项'!$B$2:$B$6232,$A65,'02_核算项'!$M$2:$M$6232,"NOX") -> 240.69419 | I65: =SUMIFS('02_核算项'!$AC$2:$AC$6232,'02_核算项'!$B$2:$B$6232,$A65,'02_核算项'!$M$2:$M$6232,"CO") -> 76.31767 | J65: =SUMIFS('02_核算项'!$AC$2:$AC$6232,'02_核算项'!$B$2:$B$6232,$A65,'02_核算项'!$M$2:$M$6232,"VOCS") -> 1.174118 | K65: =SUMIFS('02_核算项'!$AC$2:$AC$6232,'02_核算项'!$B$2:$B$6232,$A65,'02_核算项'!$M$2:$M$6232,"PM10") -> 1.761177 | L65: =SUMIFS('02_核算项'!$AC$2:$AC$6232,'02_核算项'!$B$2:$B$6232,$A65,'02_核算项'!$M$2:$M$6232,"PM25") -> 1.761177 | M65: =SUMIFS('02_核算项'!$AC$2:$AC$6232,'02_核算项'!$B$2:$B$6232,$A65,'02_核算项'!$M$2:$M$6232,"BC") -> 0 | N65: =SUMIFS('02_核算项'!$AC$2:$AC$6232,'02_核算项'!$B$2:$B$6232,$A65,'02_核算项'!$M$2:$M$6232,"OC") -> 0 | O65: =SUMIFS('02_核算项'!$AC$2:$AC$6232,'02_核算项'!$B$2:$B$6232,$A65,'02_核算项'!$M$2:$M$6232,"NH3") -> 0 | P65: =SUMIFS('02_核算项'!$AD$2:$AD$6232,'02_核算项'!$B$2:$B$6232,$A65,'02_核算项'!$M$2:$M$6232,"SO2") -> 0 | Q65: =SUMIFS('02_核算项'!$AD$2:$AD$6232,'02_核算项'!$B$2:$B$6232,$A65,'02_核算项'!$M$2:$M$6232,"NOX") -> 187.74147 | R65: =SUMIFS('02_核算项'!$AD$2:$AD$6232,'02_核算项'!$B$2:$B$6232,$A65,'02_核算项'!$M$2:$M$6232,"CO") -> 76.31767 | S65: =SUMIFS('02_核算项'!$AD$2:$AD$6232,'02_核算项'!$B$2:$B$6232,$A65,'02_核算项'!$M$2:$M$6232,"VOCS") -> 1.174118 | T65: =SUMIFS('02_核算项'!$AD$2:$AD$6232,'02_核算项'!$B$2:$B$6232,$A65,'02_核算项'!$M$2:$M$6232,"PM10") -> 1.761177 | U65: =SUMIFS('02_核算项'!$AD$2:$AD$6232,'02_核算项'!$B$2:$B$6232,$A65,'02_核算项'!$M$2:$M$6232,"PM25") -> 1.761177 | V65: =SUMIFS('02_核算项'!$AD$2:$AD$6232,'02_核算项'!$B$2:$B$6232,$A65,'02_核算项'!$M$2:$M$6232,"BC") -> 0 | W65: =SUMIFS('02_核算项'!$AD$2:$AD$6232,'02_核算项'!$B$2:$B$6232,$A65,'02_核算项'!$M$2:$M$6232,"OC") -> 0 | X65: =SUMIFS('02_核算项'!$AD$2:$AD$6232,'02_核算项'!$B$2:$B$6232,$A65,'02_核算项'!$M$2:$M$6232,"NH3") -> 0 | Y65: 41
A66: SRC-RAW-19243970285876D8A16A | B66: ENT-AAD0F5422656 | C66: 湛江市 | D66: 4417 | E66: 燃生物质锅炉 | F66: DA001 | G66: =SUMIFS('02_核算项'!$AC$2:$AC$6232,'02_核算项'!$B$2:$B$6232,$A66,'02_核算项'!$M$2:$M$6232,"SO2") -> 0.147 | H66: =SUMIFS('02_核算项'!$AC$2:$AC$6232,'02_核算项'!$B$2:$B$6232,$A66,'02_核算项'!$M$2:$M$6232,"NOX") -> 0.3626 | I66: =SUMIFS('02_核算项'!$AC$2:$AC$6232,'02_核算项'!$B$2:$B$6232,$A66,'02_核算项'!$M$2:$M$6232,"CO") -> 0.0294 | J66: =SUMIFS('02_核算项'!$AC$2:$AC$6232,'02_核算项'!$B$2:$B$6232,$A66,'02_核算项'!$M$2:$M$6232,"VOCS") -> 0.00637 | K66: =SUMIFS('02_核算项'!$AC$2:$AC$6232,'02_核算项'!$B$2:$B$6232,$A66,'02_核算项'!$M$2:$M$6232,"PM10") -> 0.0245 | L66: =SUMIFS('02_核算项'!$AC$2:$AC$6232,'02_核算项'!$B$2:$B$6232,$A66,'02_核算项'!$M$2:$M$6232,"PM25") -> 0.0245 | M66: =SUMIFS('02_核算项'!$AC$2:$AC$6232,'02_核算项'!$B$2:$B$6232,$A66,'02_核算项'!$M$2:$M$6232,"BC") -> 0.00049 | N66: =SUMIFS('02_核算项'!$AC$2:$AC$6232,'02_核算项'!$B$2:$B$6232,$A66,'02_核算项'!$M$2:$M$6232,"OC") -> 0.00196 | O66: =SUMIFS('02_核算项'!$AC$2:$AC$6232,'02_核算项'!$B$2:$B$6232,$A66,'02_核算项'!$M$2:$M$6232,"NH3") -> 0 | P66: =SUMIFS('02_核算项'!$AD$2:$AD$6232,'02_核算项'!$B$2:$B$6232,$A66,'02_核算项'!$M$2:$M$6232,"SO2") -> 0.0294 | Q66: =SUMIFS('02_核算项'!$AD$2:$AD$6232,'02_核算项'!$B$2:$B$6232,$A66,'02_核算项'!$M$2:$M$6232,"NOX") -> 0.282828 | R66: =SUMIFS('02_核算项'!$AD$2:$AD$6232,'02_核算项'!$B$2:$B$6232,$A66,'02_核算项'!$M$2:$M$6232,"CO") -> 0.0294 | S66: =SUMIFS('02_核算项'!$AD$2:$AD$6232,'02_核算项'!$B$2:$B$6232,$A66,'02_核算项'!$M$2:$M$6232,"VOCS") -> 0.00637 | T66: =SUMIFS('02_核算项'!$AD$2:$AD$6232,'02_核算项'!$B$2:$B$6232,$A66,'02_核算项'!$M$2:$M$6232,"PM10") -> 0.010535 | U66: =SUMIFS('02_核算项'!$AD$2:$AD$6232,'02_核算项'!$B$2:$B$6232,$A66,'02_核算项'!$M$2:$M$6232,"PM25") -> 0.010535 | V66: =SUMIFS('02_核算项'!$AD$2:$AD$6232,'02_核算项'!$B$2:$B$6232,$A66,'02_核算项'!$M$2:$M$6232,"BC") -> 0.0002107 | W66: =SUMIFS('02_核算项'!$AD$2:$AD$6232,'02_核算项'!$B$2:$B$6232,$A66,'02_核算项'!$M$2:$M$6232,"OC") -> 0.0008428 | X66: =SUMIFS('02_核算项'!$AD$2:$AD$6232,'02_核算项'!$B$2:$B$6232,$A66,'02_核算项'!$M$2:$M$6232,"NH3") -> 0 | Y66: 70
A67: SRC-RAW-19B02173B9BDBDA24043 | B67: ENT-4B1958FC4538 | C67: 梅州市 | D67: 4417 | E67: 燃生物质锅炉 | F67: DA001 | G67: =SUMIFS('02_核算项'!$AC$2:$AC$6232,'02_核算项'!$B$2:$B$6232,$A67,'02_核算项'!$M$2:$M$6232,"SO2") -> 0 | H67: =SUMIFS('02_核算项'!$AC$2:$AC$6232,'02_核算项'!$B$2:$B$6232,$A67,'02_核算项'!$M$2:$M$6232,"NOX") -> 0 | I67: =SUMIFS('02_核算项'!$AC$2:$AC$6232,'02_核算项'!$B$2:$B$6232,$A67,'02_核算项'!$M$2:$M$6232,"CO") -> 0 | J67: =SUMIFS('02_核算项'!$AC$2:$AC$6232,'02_核算项'!$B$2:$B$6232,$A67,'02_核算项'!$M$2:$M$6232,"VOCS") -> 0 | K67: =SUMIFS('02_核算项'!$AC$2:$AC$6232,'02_核算项'!$B$2:$B$6232,$A67,'02_核算项'!$M$2:$M$6232,"PM10") -> 0 | L67: =SUMIFS('02_核算项'!$AC$2:$AC$6232,'02_核算项'!$B$2:$B$6232,$A67,'02_核算项'!$M$2:$M$6232,"PM25") -> 0 | M67: =SUMIFS('02_核算项'!$AC$2:$AC$6232,'02_核算项'!$B$2:$B$6232,$A67,'02_核算项'!$M$2:$M$6232,"BC") -> 0 | N67: =SUMIFS('02_核算项'!$AC$2:$AC$6232,'02_核算项'!$B$2:$B$6232,$A67,'02_核算项'!$M$2:$M$6232,"OC") -> 0 | O67: =SUMIFS('02_核算项'!$AC$2:$AC$6232,'02_核算项'!$B$2:$B$6232,$A67,'02_核算项'!$M$2:$M$6232,"NH3") -> 0 | X67: =SUMIFS('02_核算项'!$AD$2:$AD$6232,'02_核算项'!$B$2:$B$6232,$A67,'02_核算项'!$M$2:$M$6232,"NH3") -> 0 | Y67: 57
A68: SRC-RAW-19F1982D1CA83A2FDEE1 | B68: ENT-1B615FB8B622 | C68: 广州市 | D68: 4417 | E68: 燃生物质锅炉 | F68: DA008 | G68: =SUMIFS('02_核算项'!$AC$2:$AC$6232,'02_核算项'!$B$2:$B$6232,$A68,'02_核算项'!$M$2:$M$6232,"SO2") -> 0 | H68: =SUMIFS('02_核算项'!$AC$2:$AC$6232,'02_核算项'!$B$2:$B$6232,$A68,'02_核算项'!$M$2:$M$6232,"NOX") -> 0 | I68: =SUMIFS('02_核算项'!$AC$2:$AC$6232,'02_核算项'!$B$2:$B$6232,$A68,'02_核算项'!$M$2:$M$6232,"CO") -> 0 | J68: =SUMIFS('02_核算项'!$AC$2:$AC$6232,'02_核算项'!$B$2:$B$6232,$A68,'02_核算项'!$M$2:$M$6232,"VOCS") -> 0 | K68: =SUMIFS('02_核算项'!$AC$2:$AC$6232,'02_核算项'!$B$2:$B$6232,$A68,'02_核算项'!$M$2:$M$6232,"PM10") -> 0 | L68: =SUMIFS('02_核算项'!$AC$2:$AC$6232,'02_核算项'!$B$2:$B$6232,$A68,'02_核算项'!$M$2:$M$6232,"PM25") -> 0 | M68: =SUMIFS('02_核算项'!$AC$2:$AC$6232,'02_核算项'!$B$2:$B$6232,$A68,'02_核算项'!$M$2:$M$6232,"BC") -> 0 | N68: =SUMIFS('02_核算项'!$AC$2:$AC$6232,'02_核算项'!$B$2:$B$6232,$A68,'02_核算项'!$M$2:$M$6232,"OC") -> 0 | O68: =SUMIFS('02_核算项'!$AC$2:$AC$6232,'02_核算项'!$B$2:$B$6232,$A68,'02_核算项'!$M$2:$M$6232,"NH3") -> 0 | X68: =SUMIFS('02_核算项'!$AD$2:$AD$6232,'02_核算项'!$B$2:$B$6232,$A68,'02_核算项'!$M$2:$M$6232,"NH3") -> 0 | Y68: 58
